AIC,BIC,condition,model
308.87683709608035,319.4412198496671,HV,actr
355.51420174057733,366.0785844941641,HV,actr
344.9510182633661,355.51540101695286,HV,actr
335.98306469222905,346.5474474458158,HV,actr
326.40412545356884,336.9685082071556,HV,actr
308.8909803615512,319.4553631151379,HV,actr
316.84823410878704,327.4126168623738,HV,actr
360.84205329495086,371.4064360485376,HV,actr
367.9143584514371,378.4787412050239,HV,actr
123.63888934696963,134.20327210055638,HV,actr
354.4783115723754,365.04269432596215,HV,actr
306.94018840701017,317.5045711605969,HV,actr
275.6178358784097,286.1822186319965,HV,actr
209.905562142674,220.46994489626076,HV,actr
316.2640801390895,326.82846289267627,HV,actr
351.51536222404815,362.0797449776349,HV,actr
358.06254945185793,368.6269322054447,HV,actr
315.5242380233237,326.08862077691043,HV,actr
349.54070001551486,360.1050827691016,HV,actr
162.778413174621,173.34279592820772,HV,actr
271.5661910606533,282.13057381424005,HV,actr
308.0161420715364,318.5805248251231,HV,actr
153.5441691504344,164.10855190402114,HV,actr
345.39325485190534,355.9576376054921,HV,actr
310.54032806854667,321.1047108221334,HV,actr
267.2412769188553,277.80565967244206,HV,actr
351.0806830705378,361.6450658241246,HV,actr
239.87519142353756,250.43957417712423,HV,actr
315.2168504450732,325.78123319865995,HV,actr
229.6139237753917,240.1783065289784,HV,actr
250.6937107646088,261.25809351819555,HV,actr
294.6543582804111,305.21874103399784,HV,actr
309.216187254668,319.7805700082548,HV,actr
299.3886975279791,309.95308028156586,HV,actr
238.63436939368336,249.19875214727008,HV,actr
242.048864202806,252.61324695639277,HV,actr
188.64279353490448,199.2071762884912,HV,actr
216.56338575345984,227.12776850704657,HV,actr
344.79260362524093,355.3569863788277,HV,actr
270.26861242300646,280.8329951765932,HV,actr
262.037278773976,272.6016615275627,HV,actr
304.2677368947638,314.83211964835056,HV,actr
358.3583925696515,368.9227753232383,HV,actr
281.2751110289045,291.8394937824913,HV,actr
350.7629666436328,361.3273493972196,HV,actr
274.0089963518188,284.57337910540554,HV,actr
326.03899305355463,336.6033758071414,HV,actr
341.9908802496036,352.5552630031904,HV,actr
54.17720629302095,64.74158904660769,HV,actr
289.5328803774862,300.09726313107296,HV,actr
196.27980990422003,206.8441926578068,HV,actr
361.5052047905844,372.0695875441712,HV,actr
340.41657128911936,350.9809540427061,HV,actr
238.4349687431508,248.99935149673755,HV,actr
228.3753011385565,238.9396838921432,HV,actr
365.8277207313977,376.3921034849845,HV,actr
285.16193640511074,295.7263191586975,HV,actr
350.4688321434586,361.03321489704535,HV,actr
263.12975741915784,273.6941401727446,HV,actr
342.27026187075603,352.8346446243428,HV,actr
309.7321360062698,320.2965187598565,HV,actr
282.06667840780824,292.631061161395,HV,actr
305.6209480170665,316.18533077065325,HV,actr
230.4349577679349,240.9993405215216,HV,actr
117.3010742871659,127.86545704075264,HV,actr
322.3111620572193,332.87554481080605,HV,actr
219.72581800575597,230.29020075934267,HV,actr
213.47766034256625,224.04204309615295,HV,actr
259.7725491322441,270.33693188583084,HV,actr
246.90398481810732,257.4683675716941,HV,actr
351.4371486191502,362.00153137273696,HV,actr
278.96699483435816,289.5313775879449,HV,actr
367.0849953833575,377.6493781369443,HV,actr
81.59743858377472,92.16182133736146,HV,actr
331.2494000384636,341.81378279205035,HV,actr
52.73775838890338,63.30214114249012,HV,actr
341.2850706891344,351.8494534427211,HV,actr
294.7100370682006,305.2744198217874,HV,actr
322.1045646135802,332.66894736716694,HV,actr
352.46116906526186,363.0255518188486,HV,actr
349.6235434758124,360.1879262293991,HV,actr
352.55723120399176,363.1216139575785,HV,actr
332.929531196176,343.4939139497627,HV,actr
245.9176391423827,256.48202189596947,HV,actr
349.1329597876064,359.6973425411932,HV,actr
216.2327836596161,226.79716641320283,HV,actr
350.3916522644521,360.9560350180389,HV,actr
334.585667442016,345.1500501956028,HV,actr
249.13716841874637,259.7015511723331,HV,actr
263.2066944735952,273.77107722718193,HV,actr
336.9543662930602,347.518749046647,HV,actr
76.33976670323982,86.90414945682656,HV,actr
324.9513933014264,335.51577605501313,HV,actr
255.39035813995423,265.954740893541,HV,actr
341.26800074744847,351.8323835010352,HV,actr
322.0169937328754,332.58137648646215,HV,actr
330.69656487328734,341.2609476268741,HV,actr
279.7874584879291,290.35184124151584,HV,actr
317.0971431754319,327.66152592901864,HV,actr
221.26341874174275,231.82780149532948,HV,actr
174.8516174688808,185.41600022246752,LV,actr
289.77296014061403,300.3373428942008,LV,actr
175.82456551347462,186.38894826706132,LV,actr
204.41717861244427,214.981561366031,LV,actr
176.45477497605327,187.01915772964,LV,actr
164.71854578048544,175.28292853407217,LV,actr
209.03912791030817,219.6035106638949,LV,actr
191.976698977656,202.54108173124268,LV,actr
164.0910344503719,174.65541720395862,LV,actr
224.40379044090784,234.96817319449457,LV,actr
126.08124018986258,136.64562294344933,LV,actr
153.58430153032418,164.1486842839109,LV,actr
129.94765838960626,140.51204114319302,LV,actr
229.2164866670299,239.78086942061665,LV,actr
250.05277477316503,260.6171575267518,LV,actr
169.9435547008515,180.50793745443823,LV,actr
164.48631351817912,175.05069627176584,LV,actr
135.97191925407245,146.53630200765917,LV,actr
318.7341933914396,329.29857614502635,LV,actr
316.0585112421198,326.62289399570653,LV,actr
197.5694377992137,208.1338205528004,LV,actr
142.87782176025868,153.4422045138454,LV,actr
322.16634233620624,332.730725089793,LV,actr
113.74548749600427,124.309870249591,LV,actr
294.9941425333403,305.5585252869271,LV,actr
122.9222176101324,133.48660036371913,LV,actr
89.75823982416848,100.32262257775524,LV,actr
215.81435346270467,226.3787362162914,LV,actr
341.34396191782014,351.9083446714069,LV,actr
155.71839607967485,166.28277883326157,LV,actr
255.27135096777337,265.8357337213601,LV,actr
134.55127083038735,145.11565358397408,LV,actr
127.92736786690196,138.4917506204887,LV,actr
150.34565723982035,160.91003999340708,LV,actr
147.46871791545408,158.0331006690408,LV,actr
81.70941701602935,92.27379976961608,LV,actr
123.26860177585114,133.83298452943788,LV,actr
199.927482876062,210.49186562964871,LV,actr
261.4265788403948,271.9909615939816,LV,actr
171.92251161512397,182.4868943687107,LV,actr
97.36080783808202,107.92519059166877,LV,actr
141.65640234442398,152.2207850980107,LV,actr
66.7119264542163,77.27630920780304,LV,actr
114.83497587283252,125.39935862641929,LV,actr
172.17835373241618,182.7427364860029,LV,actr
178.6932695372363,189.25765229082305,LV,actr
219.0895474488483,229.65393020243505,LV,actr
160.17582542476677,170.7402081783535,LV,actr
134.88479049996874,145.44917325355547,LV,actr
205.6230666893448,216.18744944293155,LV,actr
259.3554031920731,269.91978594565984,LV,actr
214.3887338900965,224.9531166436832,LV,actr
216.8793016573328,227.4436844109195,LV,actr
237.7361817826832,248.30056453626992,LV,actr
326.09117037047247,336.6555531240592,LV,actr
172.7045322870253,183.26891504061203,LV,actr
164.31274724833366,174.8771300019204,LV,actr
291.040281314862,301.6046640684488,LV,actr
231.31958468865287,241.88396744223965,LV,actr
189.98987641014944,200.5542591637362,LV,actr
350.4403207756265,361.00470352921326,LV,actr
244.90206126336489,255.4664440169516,LV,actr
197.90042677976285,208.4648095333496,LV,actr
223.26974523229012,233.83412798587688,LV,actr
256.9249942189043,267.4893769724911,LV,actr
140.659165824852,151.22354857843874,LV,actr
360.5121305254736,371.0765132790603,LV,actr
342.97137981961856,353.5357625732053,LV,actr
216.49587369194288,227.0602564455296,LV,actr
156.0672680930933,166.63165084668003,LV,actr
115.95391923676084,126.51830199034758,LV,actr
168.43847065996144,179.00285341354817,LV,actr
310.4434287487756,321.0078115023624,LV,actr
210.7475670765959,221.31194983018264,LV,actr
136.49127799274171,147.05566074632844,LV,actr
114.5829378372886,125.14732059087534,LV,actr
215.72954255899248,226.2939253125792,LV,actr
233.06286908422692,243.62725183781367,LV,actr
324.82489109679386,335.3892738503806,LV,actr
149.5441599706502,160.10854272423694,LV,actr
168.18406840350733,178.74845115709405,LV,actr
137.04978274468826,147.614165498275,LV,actr
184.9811498662156,195.54553261980237,LV,actr
182.7796849872172,193.34406774080392,LV,actr
296.48284076694137,307.0472235205281,LV,actr
178.74077288921342,189.30515564280012,LV,actr
386.3776323467415,396.9420151003282,LV,actr
160.744463281901,171.30884603548773,LV,actr
226.2405588652373,236.804941618824,LV,actr
250.24093562326647,260.8053183768532,LV,actr
168.75463971318663,179.31902246677336,LV,actr
158.12418979962894,168.68857255321566,LV,actr
182.49577722028363,193.0601599738704,LV,actr
192.36553613706224,202.929918890649,MV,actr
284.5253703620781,295.0897531156649,MV,actr
202.59859350829493,213.16297626188165,MV,actr
343.6997645032125,354.2641472567993,MV,actr
233.5863978285592,244.1507805821459,MV,actr
247.11503737948308,257.6794201330698,MV,actr
305.6015203501124,316.1659031036991,MV,actr
208.0007151950629,218.5650979486496,MV,actr
248.58113030175457,259.1455130553413,MV,actr
239.9339661745996,250.4983489281863,MV,actr
344.3725701175257,354.9369528711125,MV,actr
183.98451345195053,194.5488962055373,MV,actr
299.9328108817163,310.49719363530306,MV,actr
316.3766990395158,326.94108179310257,MV,actr
241.03607792418504,251.60046067777176,MV,actr
211.30877326369827,221.873156017285,MV,actr
230.245670229412,240.81005298299868,MV,actr
139.2483465820613,149.81272933564802,MV,actr
252.46028074570776,263.0246634992945,MV,actr
360.5386553703291,371.10303812391584,MV,actr
186.81540332215948,197.3797860757462,MV,actr
182.13029683765208,192.6946795912388,MV,actr
218.9874003078008,229.55178306138757,MV,actr
237.5686252022336,248.1330079558203,MV,actr
149.77571937996777,160.3401021335545,MV,actr
294.846755664322,305.4111384179088,MV,actr
114.89035701706064,125.45473977064738,MV,actr
277.9050858469262,288.469468600513,MV,actr
205.7103200489124,216.27470280249915,MV,actr
305.57682190037684,316.1412046539636,MV,actr
128.48442387560652,139.04880662919325,MV,actr
289.1665032889049,299.7308860424917,MV,actr
275.5120785529877,286.07646130657446,MV,actr
280.1352656958353,290.69964844942206,MV,actr
258.5150820807313,269.079464834318,MV,actr
204.51088530206775,215.0752680556545,MV,actr
270.1590157213962,280.72339847498296,MV,actr
230.70443165892647,241.2688144125132,MV,actr
111.89068352228192,122.45506627586866,MV,actr
226.1501327127926,236.7145154663793,MV,actr
120.91800712401076,131.48238987759748,MV,actr
314.04248388555703,324.6068666391438,MV,actr
181.1643478868136,191.72873064040036,MV,actr
230.38414351632923,240.948526269916,MV,actr
157.4792679267085,168.04365068029523,MV,actr
188.3634272708234,198.9278100244101,MV,actr
200.0988160462662,210.6631987998529,MV,actr
215.17471143542545,225.73909418901215,MV,actr
182.9872304441629,193.5516131977496,MV,actr
254.3682631355119,264.93264588909864,MV,actr
253.9691518031142,264.53353455670094,MV,actr
289.537035995146,300.1014187487328,MV,actr
289.2075120224987,299.77189477608545,MV,actr
217.0094393354252,227.57382208901188,MV,actr
310.0962926177147,320.66067537130147,MV,actr
295.60075661233407,306.1651393659208,MV,actr
151.03108813142234,161.59547088500906,MV,actr
296.70708549297507,307.2714682465618,MV,actr
332.12092973278646,342.6853124863732,MV,actr
183.25058309662543,193.81496585021216,MV,actr
212.5580025911811,223.1223853447678,MV,actr
231.90012872341725,242.46451147700395,MV,actr
347.22642290689123,357.790805660478,MV,actr
238.4642074665566,249.0285902201433,MV,actr
186.37945478162376,196.9438375352105,MV,actr
178.06031761702448,188.6247003706112,MV,actr
214.77132809177596,225.33571084536263,MV,actr
228.76196600558657,239.3263487591733,MV,actr
94.75908761921436,105.3234703728011,MV,actr
357.3055853908926,367.86996814447934,MV,actr
106.0813404817327,116.64572323531944,MV,actr
209.0871186895246,219.65150144311133,MV,actr
192.4979949395105,203.06237769309723,MV,actr
187.3277368845761,197.8921196381628,MV,actr
166.39010455551167,176.9544873090984,MV,actr
208.6325501894173,219.196932943004,MV,actr
328.9213320065922,339.4857147601789,MV,actr
142.76415617019074,153.32853892377747,MV,actr
144.1211586807264,154.68554143431314,MV,actr
363.12121260966944,373.6855953632562,MV,actr
359.10901390862864,369.6733966622154,MV,actr
190.2217167215246,200.7860994751113,MV,actr
281.88970459292483,292.4540873465116,MV,actr
128.18518179081622,138.74956454440294,MV,actr
140.22777297793093,150.79215573151765,MV,actr
189.6055824023724,200.16996515595912,MV,actr
286.4527758904868,297.0171586440736,MV,actr
284.7993561635204,295.3637389171071,MV,actr
131.99170687781907,142.5560896314058,MV,actr
304.2540303098701,314.81841306345683,MV,actr
225.34308670076652,235.90746945435328,MV,actr
79.15636431846421,89.72074707205095,MV,actr
333.35479840940326,343.91918116299,MV,actr
260.80721252246883,271.3715952760556,MV,actr
251.6352036142591,262.1995863678458,MV,actr
250.14189691050257,260.7062796640893,MV,actr
175.998097335892,186.56248008947875,MV,actr
200.3458143095717,210.9101970631584,MV,actr
267.1328753872149,277.69725814080164,MV,actr
240.27160782363364,250.8359905772204,MV,actr
298.4463335453649,305.48925538108944,HV,decay
350.05621786349934,357.0991396992238,HV,decay
311.2037625798505,318.246684415575,HV,decay
331.06417733664057,338.10709917236505,HV,decay
280.5145833383442,287.5575051740687,HV,decay
269.30461315691866,276.34753499264315,HV,decay
296.2836866778253,303.3266085135498,HV,decay
344.89396994159705,351.93689177732153,HV,decay
348.4162110217151,355.4591328574396,HV,decay
75.62928410271958,82.67220593844408,HV,decay
344.45945859198025,351.50238042770474,HV,decay
289.4576024740319,296.5005243097564,HV,decay
265.2436407736984,272.2865626094229,HV,decay
212.2127761255516,219.2556979612761,HV,decay
293.7342597763238,300.7771816120483,HV,decay
335.4634790718204,342.5064009075449,HV,decay
344.730604583046,351.7735264187705,HV,decay
284.45888524284925,291.50180707857373,HV,decay
302.4428080951507,309.4857299308752,HV,decay
128.1021481202601,135.14506995598458,HV,decay
264.5315677198695,271.574489555594,HV,decay
280.7896109966385,287.832532832363,HV,decay
127.17638951579546,134.21931135151996,HV,decay
349.3471491248974,356.39007096062187,HV,decay
322.1768884827915,329.219810318516,HV,decay
210.21096074354548,217.25388257927,HV,decay
350.5735905534429,357.61651238916744,HV,decay
184.1992229405347,191.2421447762592,HV,decay
311.13117743283857,318.17409926856305,HV,decay
262.19377914256944,269.2367009782939,HV,decay
301.06695042061114,308.1098722563356,HV,decay
306.61399804449434,313.6569198802188,HV,decay
262.9958821357593,270.0388039714838,HV,decay
302.5300084663493,309.57293030207376,HV,decay
219.5531547366677,226.59607657239212,HV,decay
216.85678032911736,223.89970216484187,HV,decay
179.34056346226456,186.38348529798904,HV,decay
151.69113279196583,158.7340546276903,HV,decay
331.16216752536087,338.20508936108536,HV,decay
244.7379260972049,251.7808479329294,HV,decay
216.84922071296955,223.89214254869404,HV,decay
272.35391001526546,279.39683185098994,HV,decay
347.7120140899531,354.7549359256776,HV,decay
241.18919178484447,248.232113620569,HV,decay
347.59514739224613,354.6380692279706,HV,decay
272.4133740317188,279.45629586744326,HV,decay
258.6943864854379,265.7373083211624,HV,decay
321.2097620770409,328.2526839127654,HV,decay
79.5905550756932,86.63347691141769,HV,decay
276.1419996248939,283.1849214606184,HV,decay
130.24446488986473,137.28738672558922,HV,decay
350.5735904253671,357.6165122610916,HV,decay
339.5068562518868,346.5497780876113,HV,decay
240.4672088387421,247.51013067446655,HV,decay
201.2172314858328,208.26015332155728,HV,decay
340.00557225103165,347.04849408675614,HV,decay
179.58534734066149,186.628269176386,HV,decay
350.57359059856896,357.61651243429344,HV,decay
173.28892689402858,180.33184872975303,HV,decay
321.2302106654807,328.2731325012052,HV,decay
302.58904827010247,309.6319701058269,HV,decay
262.5433093829999,269.5862312187244,HV,decay
295.2475751999142,302.2904970356387,HV,decay
194.0829505049968,201.1258723407213,HV,decay
96.85763273080032,103.90055456652482,HV,decay
215.2282337878155,222.27115562354,HV,decay
117.2846113636106,124.32753319933512,HV,decay
215.97643872333717,223.0193605590616,HV,decay
223.9884981372118,231.03141997293628,HV,decay
199.94971237819328,206.99263421391777,HV,decay
330.66991581448895,337.71283765021343,HV,decay
250.7843013756902,257.8272232114147,HV,decay
338.30221134121723,345.3451331769417,HV,decay
54.6575573013521,61.70047913707659,HV,decay
314.99791751623616,322.04083935196064,HV,decay
113.50128251637956,120.54420435210405,HV,decay
343.5077435719906,350.5506654077151,HV,decay
250.0857438417402,257.1286656774647,HV,decay
282.25387471776384,289.2967965534883,HV,decay
350.26482497475547,357.30774681048,HV,decay
350.36024362603627,357.40316546176075,HV,decay
314.10018467672984,321.1431065124543,HV,decay
321.69510358610154,328.738025421826,HV,decay
224.62309558656423,231.66601742228872,HV,decay
350.5735906120629,357.6165124477874,HV,decay
188.0867990409621,195.1297208766866,HV,decay
344.5312660380092,351.5741878737337,HV,decay
340.4273573566263,347.4702791923508,HV,decay
263.6361307772796,270.67905261300405,HV,decay
196.55302780558895,203.59594964131347,HV,decay
340.45034558994075,347.49326742566524,HV,decay
68.4282360683675,75.471157904092,HV,decay
328.4111104928859,335.4540323286104,HV,decay
261.07947745367983,268.1223992894043,HV,decay
337.513039921266,344.5559617569905,HV,decay
308.92334064210274,315.96626247782723,HV,decay
241.5347066872134,248.57762852293789,HV,decay
329.3663584090895,336.409280244814,HV,decay
305.2574535346944,312.30037537041886,HV,decay
212.80826482879075,219.8511866645152,HV,decay
216.03015883173757,223.073080667462,LV,decay
257.4527480819001,264.49566991762464,LV,decay
239.40184533270303,246.44476716842752,LV,decay
262.77882490663575,269.82174674236023,LV,decay
172.99611337912546,180.03903521484995,LV,decay
181.71113897981377,188.75406081553825,LV,decay
184.89562980311896,191.93855163884345,LV,decay
173.61850761061189,180.6614294463364,LV,decay
130.52714899521806,137.57007083094254,LV,decay
235.7286550186019,242.7715768543264,LV,decay
125.98707680493322,133.0299986406577,LV,decay
247.8305471549188,254.8734689906433,LV,decay
181.83198069567632,188.8749025314008,LV,decay
242.6348677380653,249.6777895737898,LV,decay
242.76825458379696,249.81117641952144,LV,decay
153.65743817216352,160.700360007888,LV,decay
201.15227112889687,208.19519296462136,LV,decay
62.70509049357738,69.74801232930187,LV,decay
325.17961403531075,332.22253587103523,LV,decay
328.3929557555668,335.4358775912913,LV,decay
166.64781624934182,173.6907380850663,LV,decay
165.14516425985178,172.18808609557627,LV,decay
326.3287811634665,333.371702999191,LV,decay
151.11382385214424,158.15674568786872,LV,decay
230.96933895258903,238.0122607883135,LV,decay
188.312685940466,195.35560777619048,LV,decay
89.6385143990518,96.6814362347763,LV,decay
201.35042902693192,208.3933508626564,LV,decay
41.42994775023704,48.472869585961526,LV,decay
141.89192435888182,148.9348461946063,LV,decay
245.40922373009488,252.45214556581936,LV,decay
140.20593562452808,147.24885746025257,LV,decay
165.8705237438143,172.91344557953877,LV,decay
145.7280776664898,152.7709995022143,LV,decay
161.28512324157342,168.3280450772979,LV,decay
133.40109003303482,140.4440118687593,LV,decay
76.39111085457725,83.43403269030173,LV,decay
165.15327947520706,172.19620131093154,LV,decay
278.25700183162087,285.2999236673453,LV,decay
189.5408385775332,196.5837604132577,LV,decay
135.01920869327174,142.06213052899622,LV,decay
155.63752532773182,162.6804471634563,LV,decay
94.6193362116614,101.66225804738588,LV,decay
156.69713925811766,163.74006109384214,LV,decay
175.73409556000388,182.7770173957284,LV,decay
119.2721166340523,126.3150384697768,LV,decay
320.0693801344475,327.112301970172,LV,decay
150.26662510795396,157.30954694367844,LV,decay
151.42028870844513,158.4632105441696,LV,decay
213.6463933728573,220.6893152085818,LV,decay
270.8027375310823,277.8456593668068,LV,decay
202.10400382593696,209.14692566166147,LV,decay
248.27743819736065,255.32036003308517,LV,decay
231.6667358307785,238.70965766650292,LV,decay
306.0677826901041,313.11070452582857,LV,decay
222.88295100933183,229.92587284505635,LV,decay
198.367331608811,205.4102534445355,LV,decay
208.12943683091916,215.1723586666436,LV,decay
201.4082025891182,208.45112442484267,LV,decay
194.69626292223407,201.73918475795853,LV,decay
271.43877470517583,278.4816965409003,LV,decay
198.82378149123323,205.8667033269577,LV,decay
224.48433465215336,231.52725648787785,LV,decay
258.49353344675825,265.53645528248273,LV,decay
261.37700655587355,268.41992839159803,LV,decay
165.34676424351812,172.3896860792426,LV,decay
318.50173513418684,325.54465696991133,LV,decay
310.9145879503346,317.95750978605906,LV,decay
183.7550667804116,190.79798861613605,LV,decay
167.8903571244785,174.93327896020298,LV,decay
131.465871483194,138.50879331891852,LV,decay
173.33732114795362,180.3802429836781,LV,decay
289.4016338900408,296.44455572576527,LV,decay
308.3908803968868,315.43380223261124,LV,decay
165.3410474487113,172.38396928443578,LV,decay
84.66576198569659,91.70868382142108,LV,decay
214.51886265319945,221.5617844889239,LV,decay
258.793255506511,265.8361773422355,LV,decay
326.5665847464767,333.6095065822012,LV,decay
163.7938744129013,170.83679624862577,LV,decay
77.72984934065691,84.77277117638141,LV,decay
157.49621119955353,164.539133035278,LV,decay
168.62735598642485,175.67027782214933,LV,decay
186.41795562046585,193.4608774561903,LV,decay
289.1730182357505,296.21594007147496,LV,decay
161.18700425885962,168.2299260945841,LV,decay
266.8940444729495,273.936966308674,LV,decay
186.06607616629748,193.108998002022,LV,decay
239.5985197720981,246.64144160782257,LV,decay
240.4992899114384,247.5422117471629,LV,decay
153.76164975502414,160.80457159074862,LV,decay
69.90805225060858,76.95097408633308,LV,decay
176.3349929818746,183.37791481759908,LV,decay
104.27002954832632,111.31295138405082,MV,decay
292.64541235722453,299.688334192949,MV,decay
225.2400430158818,232.2829648516063,MV,decay
349.4708895917128,356.51381142743725,MV,decay
250.89684617920727,257.93976801493176,MV,decay
239.93073028543924,246.97365212116367,MV,decay
313.6970904929798,320.74001232870427,MV,decay
225.39968559011675,232.44260742584123,MV,decay
221.26944306986292,228.31236490558743,MV,decay
289.6876113711738,296.73053320689826,MV,decay
342.96118042887946,350.00410226460394,MV,decay
161.6976575612142,168.74057939693867,MV,decay
280.0178546449632,287.0607764806877,MV,decay
313.56743508835467,320.6103569240792,MV,decay
240.2334721272928,247.27639396301728,MV,decay
195.31656855432547,202.35949039005,MV,decay
194.54733607804943,201.5902579137739,MV,decay
192.1888716400016,199.2317934757261,MV,decay
112.68790170031616,119.73082353604065,MV,decay
350.46298063045657,357.50590246618106,MV,decay
162.3298295570328,169.3727513927573,MV,decay
243.70174608884025,250.74466792456477,MV,decay
215.0252757188364,222.06819755456087,MV,decay
256.49535983474885,263.53828167047334,MV,decay
41.42994881252731,48.4728706482518,MV,decay
253.41052147455432,260.45344331027883,MV,decay
114.48596421396476,121.52888604968923,MV,decay
257.22044963291245,264.26337146863693,MV,decay
146.29048300143225,153.3334048371567,MV,decay
296.0255053438168,303.0684271795413,MV,decay
155.8536999142385,162.89662174996295,MV,decay
295.98627422170995,303.02919605743443,MV,decay
211.1396948929893,218.18261672871375,MV,decay
206.8584390722858,213.90136090801028,MV,decay
283.861907010001,290.9048288457255,MV,decay
194.08244317886428,201.1253650145888,MV,decay
254.84289500066976,261.88581683639427,MV,decay
215.81397877279147,222.856900608516,MV,decay
139.99218500149436,147.03510683721885,MV,decay
185.0870589799694,192.1299808156939,MV,decay
168.95067412519114,175.99359596091563,MV,decay
299.3554340282603,306.3983558639848,MV,decay
102.50571132459564,109.54863316032016,MV,decay
203.00870332817755,210.05162516390203,MV,decay
216.2288293842224,223.27175121994688,MV,decay
189.1223417973927,196.1652636331172,MV,decay
204.40211737408825,211.4450392098127,MV,decay
208.97790656474,216.02082840046447,MV,decay
171.91973958425442,178.9626614199789,MV,decay
212.4265517725115,219.469473608236,MV,decay
270.7680308062476,277.81095264197205,MV,decay
269.8082140721507,276.8511359078752,MV,decay
244.978440129194,252.0213619649185,MV,decay
238.76672348733865,245.8096453230631,MV,decay
289.0139395482283,296.0568613839528,MV,decay
295.1302734451966,302.1731952809211,MV,decay
166.2348634442281,173.27778527995258,MV,decay
338.7060559141138,345.7489777498383,MV,decay
345.0572778794586,352.10019971518307,MV,decay
115.06500263840374,122.10792447412824,MV,decay
184.31336666909723,191.3562885048217,MV,decay
202.7836951209005,209.826616956625,MV,decay
288.64630006648025,295.68922190220474,MV,decay
220.2943787517571,227.3373005874816,MV,decay
221.37789459305344,228.42081642877795,MV,decay
157.20428191745228,164.24720375317676,MV,decay
187.31409186955457,194.35701370527903,MV,decay
248.46277427588527,255.5056961116098,MV,decay
113.78263256171792,120.8255543974424,MV,decay
346.6437919466744,353.68671378239884,MV,decay
75.11754596681516,82.16046780253964,MV,decay
206.80140965055125,213.8443314862757,MV,decay
207.50619826093225,214.5491200966567,MV,decay
184.8880537660815,191.930975601806,MV,decay
168.6317898657776,175.67471170150208,MV,decay
227.3086162246253,234.35153806034975,MV,decay
318.1183006267568,325.1612224624813,MV,decay
85.16032307324555,92.20324490897003,MV,decay
164.0944003631718,171.13732219889627,MV,decay
350.573590631648,357.6165124673725,MV,decay
286.928294596595,293.97121643231947,MV,decay
187.80862872657303,194.85155056229755,MV,decay
285.90629257792773,292.9492144136522,MV,decay
199.18450977047496,206.22743160619945,MV,decay
156.33164754026245,163.37456937598694,MV,decay
192.82712314212125,199.8700449778457,MV,decay
274.61391001041744,281.6568318461419,MV,decay
264.7171898448734,271.7601116805979,MV,decay
164.9917374969577,172.0346593326822,MV,decay
312.15838548630546,319.20130732202995,MV,decay
255.3341162220618,262.3770380577863,MV,decay
133.7842038052681,140.82712564099262,MV,decay
340.96563067591813,348.0085525116426,MV,decay
269.39070780784334,276.4336296435678,MV,decay
255.5865333675268,262.62945520325127,MV,decay
207.97692739685468,215.0198492325792,MV,decay
201.5219324486121,208.56485428433655,MV,decay
235.82830536904012,242.87122720476464,MV,decay
258.2692011805495,265.312123016274,MV,decay
217.26410139699493,224.30702323271944,MV,decay
276.5873189731775,283.630240808902,HV,delta
350.5735908479265,357.61651268365097,HV,delta
343.8404076614268,350.8833294971513,HV,delta
322.7373602730623,329.7802821087868,HV,delta
312.9627521062195,320.005673941944,HV,delta
248.3073801204295,255.350301956154,HV,delta
258.67087654284865,265.7137983785732,HV,delta
349.6700241412177,356.7129459769422,HV,delta
350.573594250106,357.6165160858305,HV,delta
133.92551702662095,140.96843886234544,HV,delta
349.8431006077087,356.8860224434332,HV,delta
293.09191647022067,300.13483830594515,HV,delta
214.39917404830751,221.442095884032,HV,delta
193.4891449961657,200.5320668318902,HV,delta
294.18011574128985,301.22303757701434,HV,delta
336.58983754678763,343.6327593825121,HV,delta
350.5735912107757,357.6165130465002,HV,delta
292.00002961307746,299.04295144880194,HV,delta
316.2262005370534,323.2691223727779,HV,delta
99.43732478349024,106.48024661921473,HV,delta
262.8647095689781,269.9076314047026,HV,delta
296.3515505129696,303.3944723486941,HV,delta
129.70535012627758,136.74827196200206,HV,delta
346.1155016073088,353.15842344303326,HV,delta
303.2236501293524,310.2665719650769,HV,delta
202.9906533287579,210.0335751644824,HV,delta
350.4188112426769,357.4617330784014,HV,delta
204.8770591876844,211.9199810234089,HV,delta
303.62903667505344,310.6719585107779,HV,delta
218.4911204763245,225.53404231204905,HV,delta
256.4063760817213,263.4492979174458,HV,delta
300.14453606130803,307.1874578970325,HV,delta
240.5232241149559,247.5661459506804,HV,delta
307.61023652461296,314.65315836033744,HV,delta
203.405179691864,210.4481015275885,HV,delta
256.98364978645054,264.0265716221751,HV,delta
187.45927966557696,194.50220150130144,HV,delta
203.00232585303075,210.04524768875524,HV,delta
324.79570229371365,331.83862412943813,HV,delta
248.2034119686336,255.2463338043581,HV,delta
202.27963266793287,209.32255450365736,HV,delta
299.88995928693095,306.93288112265543,HV,delta
350.5623310456108,357.6052528813353,HV,delta
263.36074707352657,270.40366890925105,HV,delta
347.4400515965954,354.4829734323199,HV,delta
282.404936307494,289.44785814321847,HV,delta
270.7165552176767,277.7594770534012,HV,delta
344.7728639701329,351.8157858058574,HV,delta
54.10654706482866,61.14946890055315,HV,delta
279.22384861392635,286.26677044965083,HV,delta
137.84715817104018,144.89008000676466,HV,delta
350.4608128063721,357.50373464209656,HV,delta
350.57359183812304,357.6165136738475,HV,delta
240.2709306883266,247.31385252405107,HV,delta
201.25177368376336,208.29469551948785,HV,delta
350.57359428293944,357.6165161186639,HV,delta
223.8470785074961,230.89000034322052,HV,delta
349.2795078923993,356.32242972812384,HV,delta
169.74738992271648,176.79031175844096,HV,delta
310.8756378548525,317.918559690577,HV,delta
310.22909148853944,317.2720133242639,HV,delta
270.229560672031,277.2724825077555,HV,delta
284.97189671710265,292.01481855282714,HV,delta
182.6516259145865,189.694547750311,HV,delta
74.78184738883837,81.82476922456286,HV,delta
240.715994270402,247.7589161061265,HV,delta
164.82285824790006,171.86578008362454,HV,delta
201.6089885541883,208.6519103899128,HV,delta
196.84458095574325,203.8875027914677,HV,delta
144.581446687596,151.62436852332047,HV,delta
338.4324014343767,345.4753232701012,HV,delta
260.44377774241536,267.48669957813985,HV,delta
350.57360301951763,357.6165248552421,HV,delta
32.695436971380715,39.7383588071052,HV,delta
320.7316369538584,327.7745587895829,HV,delta
71.73592053964096,78.77884237536546,HV,delta
338.2711581947164,345.3140800304409,HV,delta
241.97287184299364,249.01579367871813,HV,delta
284.8434756685522,291.88639750427666,HV,delta
347.8528341953265,354.895756031051,HV,delta
347.98421862381457,355.02714045953905,HV,delta
346.28017368600933,353.3230955217338,HV,delta
298.9008392371308,305.9437610728553,HV,delta
188.63297191160663,195.67589374733117,HV,delta
347.36061583018005,354.40353766590454,HV,delta
188.74898570782284,195.79190754354727,HV,delta
337.94208309537555,344.98500493110004,HV,delta
333.97595266005675,341.01887449578123,HV,delta
277.5023940821155,284.54531591784,HV,delta
193.28355715395165,200.32647898967613,HV,delta
324.0153529580168,331.05827479374125,HV,delta
29.656463633689377,36.69938546941387,HV,delta
326.1629772340126,333.2058990697371,HV,delta
230.36565166534533,237.4085735010698,HV,delta
342.5310555217763,349.5739773575008,HV,delta
326.2932696604224,333.3361914961469,HV,delta
319.08481817184395,326.12774000756843,HV,delta
298.09905349022085,305.14197532594534,HV,delta
321.990648171382,329.0335700071065,HV,delta
191.73451712770785,198.77743896343236,HV,delta
162.32533028321006,169.36825211893455,LV,delta
280.22448484761384,287.2674066833383,LV,delta
189.9880847277056,197.03100656343008,LV,delta
210.07427884911465,217.1172006848391,LV,delta
143.28214890508008,150.32507074080456,LV,delta
156.2453639379262,163.2882857736507,LV,delta
208.46837950791635,215.51130134364084,LV,delta
204.66469532432848,211.70761716005296,LV,delta
145.81223042709695,152.85515226282143,LV,delta
212.25887914115236,219.3018009768768,LV,delta
116.53535092501382,123.57827276073832,LV,delta
173.41864068123536,180.46156251695984,LV,delta
112.56479779248924,119.60771962821372,LV,delta
204.86070081914897,211.90362265487343,LV,delta
232.9056342189127,239.9485560546372,LV,delta
107.7211076870744,114.7640295227989,LV,delta
172.13981493236108,179.18273676808556,LV,delta
83.45727633672293,90.50019817244744,LV,delta
315.4663143409082,322.50923617663267,LV,delta
320.90183690806936,327.94475874379384,LV,delta
167.65071754489963,174.69363938062412,LV,delta
119.7805289201717,126.8234507558962,LV,delta
308.8534654774392,315.8963873131637,LV,delta
118.33323289491354,125.37615473063804,LV,delta
288.8629359348408,295.90585777056526,LV,delta
94.20801349624652,101.25093533197102,LV,delta
62.77187309320734,69.81479492893183,LV,delta
194.20725543492645,201.2501772706509,LV,delta
340.481824709089,347.52474654481347,LV,delta
138.12232127210888,145.16524310783336,LV,delta
240.86272059998865,247.9056424357131,LV,delta
117.5204562565478,124.5633780922723,LV,delta
134.43328459281668,141.47620642854116,LV,delta
128.24867139297533,135.2915932286998,LV,delta
117.45353227557916,124.49645411130363,LV,delta
70.03350254554961,77.07642438127411,LV,delta
104.00019815422834,111.04311998995284,LV,delta
197.012900415928,204.05582225165244,LV,delta
255.47784847742992,262.5207703131544,LV,delta
152.52291418399463,159.56583601971911,LV,delta
88.95963880455982,96.00256064028432,LV,delta
132.4723190338906,139.51524086961507,LV,delta
104.16480085716512,111.20772269288965,LV,delta
103.9993004040483,111.0422222397728,LV,delta
113.56669537518572,120.60961721091022,LV,delta
137.51367200270943,144.5565938384339,LV,delta
247.0453963985589,254.08831823428332,LV,delta
129.72300003264024,136.76592186836473,LV,delta
118.77130713579888,125.81422897152336,LV,delta
195.65130976466736,202.69423160039184,LV,delta
247.43082485055643,254.4737466862809,LV,delta
200.15301529910576,207.19593713483025,LV,delta
219.6610046877325,226.703926523457,LV,delta
242.98295603142716,250.0258778671516,LV,delta
319.71863203308595,326.76155386881044,LV,delta
163.36288051970888,170.40580235543337,LV,delta
147.6809753437262,154.7238971794507,LV,delta
297.1527251210018,304.1956469567263,LV,delta
226.07717859372036,233.1201004294448,LV,delta
170.91311367429756,177.95603551002205,LV,delta
350.5735903022885,357.616512138013,LV,delta
206.2863367405944,213.3292585763189,LV,delta
179.23261001860368,186.27553185432816,LV,delta
221.57113966049025,228.6140614962147,LV,delta
255.65676326797785,262.69968510370234,LV,delta
141.28910377687566,148.33202561260015,LV,delta
350.5735995890791,357.6165214248036,LV,delta
335.4013233010927,342.4442451368172,LV,delta
207.9666884394688,215.00961027519327,LV,delta
133.03242950342542,140.0753513391499,LV,delta
106.42692517429008,113.46984701001458,LV,delta
159.07867132602934,166.12159316175382,LV,delta
299.2401021126963,306.2830239484208,LV,delta
231.84380436547733,238.8867262012018,LV,delta
127.74862886501832,134.79155070074282,LV,delta
66.28440167024252,73.327323505967,LV,delta
188.21694183365344,195.25986366937792,LV,delta
191.47575458181083,198.5186764175353,LV,delta
320.327446404145,327.3703682398695,LV,delta
145.0279001044722,152.07082194019668,LV,delta
114.40433082793616,121.44725266366063,LV,delta
134.553103630894,141.59602546661847,LV,delta
165.98701170758662,173.0299335433111,LV,delta
188.9000330151438,195.9429548508683,LV,delta
288.811888949427,295.85481078515147,LV,delta
147.17713064975254,154.22005248547703,LV,delta
350.5736069556988,357.61652879142326,LV,delta
150.12991540038425,157.17283723610873,LV,delta
217.71579749880297,224.75871933452743,LV,delta
233.97146281838468,241.0143846541092,LV,delta
158.49902342554194,165.54194526126642,LV,delta
67.9171767844102,74.9600986201347,LV,delta
199.2729585422356,206.3158803779601,LV,delta
163.18897959612738,170.23190143185187,MV,delta
293.8017549148418,300.8446767505663,MV,delta
220.15390766887103,227.19682950459557,MV,delta
344.02884776134067,351.0717695970652,MV,delta
210.3621245203757,217.4050463561002,MV,delta
222.15760589855947,229.20052773428395,MV,delta
308.4804009938416,315.5233228295661,MV,delta
172.6364803826102,179.67940221833467,MV,delta
234.48969393216092,241.53261576788543,MV,delta
233.44705446508897,240.48997630081345,MV,delta
336.0546149200419,343.0975367557664,MV,delta
168.27557899737403,175.31850083309854,MV,delta
279.7459478759243,286.7888697116488,MV,delta
308.0257451762287,315.0686670119532,MV,delta
226.5954042575859,233.6383260933104,MV,delta
157.93554831144007,164.97847014716456,MV,delta
182.5552177582471,189.5981395939716,MV,delta
167.04296521223475,174.08588704795923,MV,delta
153.31858619307803,160.36150802880252,MV,delta
350.5735917836817,357.6165136194062,MV,delta
153.02757876132998,160.07050059705446,MV,delta
156.8890711947294,163.9319930304539,MV,delta
191.6419280265258,198.68484986225027,MV,delta
221.54405078617827,228.5869726219028,MV,delta
117.08122709226323,124.12414892798772,MV,delta
275.5824625234946,282.6253843592191,MV,delta
59.20924363184176,66.25216546756624,MV,delta
271.28373839870306,278.32666023442755,MV,delta
141.66201606994272,148.7049379056672,MV,delta
301.1890791749782,308.2320010107027,MV,delta
164.59806175765362,171.6409835933781,MV,delta
275.66125764585456,282.70417948157905,MV,delta
244.8780200523284,251.92094188805288,MV,delta
257.92904608069,264.97196791641454,MV,delta
220.65735734752624,227.70027918325076,MV,delta
151.60784472201163,158.65076655773612,MV,delta
263.3521070449842,270.3950288807087,MV,delta
213.86250882455263,220.90543066027712,MV,delta
84.46643668597407,91.50935852169856,MV,delta
212.1669068986981,219.2098287344226,MV,delta
107.66211713032234,114.70503896604684,MV,delta
302.9561014209624,309.9990232566869,MV,delta
117.84335829563445,124.88628013135894,MV,delta
239.3690888906402,246.41201072636468,MV,delta
179.3074197684128,186.3503416041373,MV,delta
221.88600082497248,228.92892266069697,MV,delta
170.1373057842453,177.1802276199698,MV,delta
203.04046878573516,210.0833906214596,MV,delta
157.93679732370754,164.97971915943202,MV,delta
254.36336784929173,261.40628968501625,MV,delta
249.9166699618415,256.959591797566,MV,delta
269.01727147576173,276.0601933114862,MV,delta
249.2807099629329,256.32363179865735,MV,delta
179.31709927103907,186.36002110676355,MV,delta
296.1897761183104,303.23269795403485,MV,delta
284.21549203527803,291.2584138710025,MV,delta
139.46687801863092,146.5097998543554,MV,delta
248.9432137152736,255.98613555099809,MV,delta
338.61996281182104,345.6628846475455,MV,delta
139.98683914797604,147.02976098370053,MV,delta
191.9967274894028,199.03964932512724,MV,delta
192.9361688111124,199.97909064683685,MV,delta
350.53106934323097,357.57399117895545,MV,delta
225.939824849572,232.9827466852965,MV,delta
184.45195863505984,191.49488047078432,MV,delta
189.36165373026796,196.4045755659924,MV,delta
170.99851579315913,178.0414376288836,MV,delta
225.51533701224693,232.55825884797144,MV,delta
77.35192379648143,84.39484563220591,MV,delta
350.0042278470044,357.0471496827289,MV,delta
91.2691310571394,98.3120528928639,MV,delta
171.28343885863202,178.3263606943565,MV,delta
179.23603747627448,186.27895931199896,MV,delta
172.89788130709135,179.94080314281584,MV,delta
145.3346772056436,152.3775990413681,MV,delta
190.0683347394674,197.11125657519187,MV,delta
321.76690733695074,328.8098291726752,MV,delta
80.73544911878732,87.77837095451181,MV,delta
109.78463807576496,116.82755991148946,MV,delta
350.57359309820214,357.6165149339266,MV,delta
350.5735969883836,357.6165188241081,MV,delta
184.8855966883917,191.92851852411616,MV,delta
261.5997212124656,268.64264304819005,MV,delta
137.7908530831313,144.8337749188558,MV,delta
122.81852548152736,129.86144731725184,MV,delta
176.7352701580301,183.77819199375455,MV,delta
261.706346066981,268.74926790270547,MV,delta
282.45528997398367,289.4982118097081,MV,delta
86.81256772884814,93.85548956457262,MV,delta
271.84492678663446,278.88784862235894,MV,delta
187.7556062374408,194.7985280731653,MV,delta
70.0142067641748,77.0571285998993,MV,delta
332.8485222805342,339.8914441162587,MV,delta
245.75770786139375,252.80062969711827,MV,delta
235.826816922313,242.86973875803747,MV,delta
201.09353438656217,208.13645622228665,MV,delta
137.08256645792187,144.12548829364636,MV,delta
213.03311246118972,220.07603429691423,MV,delta
258.77273248721053,265.815654322935,MV,delta
208.8773993504745,215.920321186199,MV,delta
304.3065419188504,307.82800283671264,HV,Dir
347.7465950356318,351.26805595349407,HV,Dir
314.10473707727,317.6261979951322,HV,Dir
341.747557753113,345.2690186709753,HV,Dir
340.2526684376207,343.77412935548296,HV,Dir
328.49753666400034,332.0189975818626,HV,Dir
323.005177069817,326.5266379876793,HV,Dir
345.6278039197988,349.14926483766106,HV,Dir
346.72521736149673,350.246678279359,HV,Dir
175.64207156910817,179.1635324869704,HV,Dir
349.0692827405524,352.5907436584147,HV,Dir
332.282664997602,335.8041259154643,HV,Dir
279.25697908258894,282.7784400004512,HV,Dir
270.532912801582,274.05437371944424,HV,Dir
302.1872183115621,305.7086792294244,HV,Dir
347.7216926487057,351.243153566568,HV,Dir
339.7603715788813,343.2818324967436,HV,Dir
288.099172040632,291.62063295849424,HV,Dir
337.5258814105651,341.04734232842736,HV,Dir
196.5063609743476,200.02782189220983,HV,Dir
268.65921116510634,272.1806720829686,HV,Dir
298.5275076430323,302.0489685608946,HV,Dir
122.04227994297136,125.5637408608336,HV,Dir
348.8555040783029,352.3769649961652,HV,Dir
324.97321131225686,328.49467223011914,HV,Dir
209.8945696265954,213.41603054445764,HV,Dir
348.6045114493656,352.12597236722786,HV,Dir
254.9469537934114,258.4684147112737,HV,Dir
323.98355984473545,327.5050207625977,HV,Dir
255.16399167917507,258.68545259703734,HV,Dir
293.28490609748894,296.8063670153512,HV,Dir
293.0166747201601,296.5381356380224,HV,Dir
332.2017321672802,335.7231930851425,HV,Dir
297.0491351119348,300.570596029797,HV,Dir
241.31441044333928,244.83587136120155,HV,Dir
221.1019615062809,224.62342242414317,HV,Dir
206.65647506549067,210.1779359833529,HV,Dir
144.91561238539362,148.43707330325586,HV,Dir
347.54102091423,351.06248183209226,HV,Dir
268.97235886537425,272.4938197832365,HV,Dir
258.62210392778155,262.1435648456438,HV,Dir
268.9508148124007,272.472275730263,HV,Dir
345.465666343783,348.9871272616453,HV,Dir
315.6839528642253,319.2054137820876,HV,Dir
345.71567875782085,349.2371396756831,HV,Dir
267.43886475619115,270.9603256740534,HV,Dir
316.5731613567121,320.0946222745744,HV,Dir
324.5985822711197,328.120043188982,HV,Dir
171.5862901298979,175.10775104776013,HV,Dir
275.90947800793055,279.4309389257928,HV,Dir
198.7634109725741,202.2848718904364,HV,Dir
348.39856934317896,351.92003026104123,HV,Dir
342.057302342625,345.5787632604873,HV,Dir
241.36424651339183,244.8857074312541,HV,Dir
195.060943297576,198.58240421543823,HV,Dir
348.5897443908242,352.11120530868646,HV,Dir
246.20923377836047,249.7306946962227,HV,Dir
348.54795147362074,352.069412391483,HV,Dir
296.9028024248571,300.42426334271937,HV,Dir
346.6634819321334,350.18494284999565,HV,Dir
303.5908304411367,307.11229135899896,HV,Dir
269.13076361176115,272.6522245296234,HV,Dir
293.56539806610635,297.0868589839686,HV,Dir
221.02073564556895,224.5421965634312,HV,Dir
104.43075435621476,107.952215274077,HV,Dir
172.79433704493056,176.3157979627928,HV,Dir
128.627359384852,132.14882030271423,HV,Dir
218.2842383241016,221.80569924196385,HV,Dir
283.03622776909066,286.55768868695293,HV,Dir
237.739455333846,241.26091625170824,HV,Dir
335.38556684732674,338.907027765189,HV,Dir
258.1511593521839,261.6726202700462,HV,Dir
352.3778266776702,355.8992875955325,HV,Dir
64.00508512600601,67.52654604386825,HV,Dir
317.556021594037,321.0774825118993,HV,Dir
170.01842252215891,173.53988344002116,HV,Dir
343.30433491444546,346.82579583230773,HV,Dir
253.09611747520356,256.6175783930658,HV,Dir
328.85550182400806,332.3769627418704,HV,Dir
348.6124301676795,352.1338910855418,HV,Dir
348.4064855418404,351.9279464597027,HV,Dir
350.54719618647334,354.0686571043356,HV,Dir
341.8252878849197,345.346748802782,HV,Dir
281.5013575935339,285.02281851139617,HV,Dir
348.553925853824,352.0753867716863,HV,Dir
182.14855271055544,185.67001362841768,HV,Dir
342.75165383597187,346.27311475383414,HV,Dir
339.2956407290204,342.81710164688263,HV,Dir
237.8765954802864,241.3980563981486,HV,Dir
200.25097279008529,203.77243370794756,HV,Dir
348.43945703782794,351.9609179556902,HV,Dir
165.647408197615,169.16886911547724,HV,Dir
336.6205611841553,340.1420221020176,HV,Dir
261.07915056025456,264.60061147811683,HV,Dir
344.9478046835226,348.46926560138485,HV,Dir
330.4373326201392,333.9587935380015,HV,Dir
273.0862290745666,276.60768999242885,HV,Dir
325.2843298492347,328.805790767097,HV,Dir
312.95571854912,316.47717946698225,HV,Dir
228.54383808827444,232.06529900613668,HV,Dir
189.60899277166524,193.13045368952749,LV,Dir
261.0319810519416,264.5534419698039,LV,Dir
204.71255316189547,208.2340140797577,LV,Dir
241.9815413119763,245.50300222983853,LV,Dir
222.5540033143671,226.0754642322293,LV,Dir
200.5610922701658,204.08255318802804,LV,Dir
186.04017785684425,189.5616387747065,LV,Dir
181.8302150302723,185.35167594813456,LV,Dir
135.09749016794103,138.61895108580327,LV,Dir
260.44824651799547,263.96970743585774,LV,Dir
128.25432221097992,131.77578312884216,LV,Dir
223.3076689240893,226.8291298419516,LV,Dir
209.05774665229265,212.5792075701549,LV,Dir
246.24144875803427,249.7629096758965,LV,Dir
245.0989340570237,248.62039497488595,LV,Dir
185.0359239846489,188.55738490251116,LV,Dir
193.1782493446225,196.69971026248476,LV,Dir
62.20390848334088,65.72536940120312,LV,Dir
320.5970172347654,324.1184781526277,LV,Dir
345.3847601904096,348.90622110827184,LV,Dir
172.67907132697988,176.20053224484212,LV,Dir
184.347943939084,187.8694048569462,LV,Dir
327.36261118160246,330.8840720994648,LV,Dir
143.45117947757828,146.97264039544052,LV,Dir
245.32004592431124,248.8415068421735,LV,Dir
170.8001078128784,174.32156873074064,LV,Dir
156.76668697933937,160.2881478972016,LV,Dir
197.01110285951333,200.5325637773756,LV,Dir
43.62170724679941,47.14316816466166,LV,Dir
129.29883898773537,132.8202999055976,LV,Dir
244.56383757567025,248.0852984935325,LV,Dir
132.89576147189155,136.41722238975382,LV,Dir
166.76789651359806,170.2893574314603,LV,Dir
178.83037612593924,182.35183704380148,LV,Dir
205.82385381640165,209.3453147342639,LV,Dir
155.13399595568606,158.6554568735483,LV,Dir
80.07055060272516,83.5920115205874,LV,Dir
165.11213632940664,168.63359724726888,LV,Dir
295.2282158298891,298.7496767477514,LV,Dir
186.81177280952892,190.3332337273912,LV,Dir
146.32345928665077,149.84492020451302,LV,Dir
169.9367107680571,173.45817168591935,LV,Dir
105.33746914311062,108.85893006097288,LV,Dir
197.55803844726225,201.0794993651245,LV,Dir
161.00568945711188,164.52715037497413,LV,Dir
143.9472658674382,147.46872678530045,LV,Dir
288.8327744065743,292.35423532443656,LV,Dir
201.59000615682896,205.1114670746912,LV,Dir
168.60950925633009,172.13097017419233,LV,Dir
231.89022151146,235.4116824293222,LV,Dir
259.62619563947845,263.1476565573407,LV,Dir
195.80030945254933,199.3217703704116,LV,Dir
265.7282849790558,269.24974589691806,LV,Dir
231.6993663350503,235.22082725291256,LV,Dir
298.8316714494174,302.35313236727967,LV,Dir
186.33195885648163,189.85341977434388,LV,Dir
211.49336811644363,215.01482903430588,LV,Dir
291.39813219011563,294.9195931079779,LV,Dir
221.15197852869403,224.67343944655627,LV,Dir
190.84788371915155,194.3693446370138,LV,Dir
328.489284976524,332.0107458943863,LV,Dir
202.32983417918592,205.85129509704817,LV,Dir
236.2775068969602,239.79896781482245,LV,Dir
294.92259775862897,298.44405867649124,LV,Dir
256.3342989416037,259.855759859466,LV,Dir
174.73980554241356,178.2612664602758,LV,Dir
339.06855743667523,342.5900183545375,LV,Dir
328.82041896201423,332.3418798798765,LV,Dir
180.2854756684676,183.8069365863298,LV,Dir
192.10395302887105,195.6254139467333,LV,Dir
160.42992474324274,163.95138566110498,LV,Dir
205.45578352791887,208.9772444457811,LV,Dir
300.50445122276034,304.0259121406226,LV,Dir
280.253692813899,283.7751537317613,LV,Dir
168.086979743526,171.60844066138824,LV,Dir
89.87422031217582,93.39568123003806,LV,Dir
212.26622521232667,215.7876861301889,LV,Dir
258.6082966217516,262.1297575396139,LV,Dir
321.942901423826,325.4643623416883,LV,Dir
170.41974297456727,173.9412038924295,LV,Dir
99.03624873547696,102.5577096533392,LV,Dir
170.44078973520837,173.9622506530706,LV,Dir
162.33693102577814,165.85839194364038,LV,Dir
181.02809158770276,184.54955250556495,LV,Dir
283.73271033620006,287.2541712540623,LV,Dir
169.78265655484577,173.304117472708,LV,Dir
287.30336558766646,290.82482650552873,LV,Dir
205.4484896835789,208.9699506014412,LV,Dir
242.9590241714393,246.48048508930157,LV,Dir
249.1962967205363,252.71775763839852,LV,Dir
154.36856317318987,157.8900240910521,LV,Dir
88.75878008475688,92.28024100261912,LV,Dir
168.60704027750077,172.128501195363,LV,Dir
99.97905371706165,103.50051463492387,MV,Dir
291.76534497741346,295.28680589527573,MV,Dir
221.2670652428265,224.78852616068875,MV,Dir
348.2886930526585,351.8101539705208,MV,Dir
249.138056411079,252.65951732894123,MV,Dir
239.5977709599121,243.1192318777744,MV,Dir
322.4142911494377,325.9357520673,MV,Dir
206.4062842867233,209.9277452045855,MV,Dir
229.65293284626927,233.1743937641316,MV,Dir
280.13443123971604,283.6558921575783,MV,Dir
341.73736920191067,345.25883011977294,MV,Dir
159.05623976969866,162.5777006875609,MV,Dir
280.5302513057846,284.05171222364686,MV,Dir
321.80180175563567,325.32326267349794,MV,Dir
237.1766129925837,240.69807391044597,MV,Dir
203.6014894840632,207.1229504019254,MV,Dir
205.17938152817212,208.7008424460344,MV,Dir
258.59573022032055,262.1171911381828,MV,Dir
136.02807383430874,139.54953475217098,MV,Dir
348.64429427590227,352.16575519376454,MV,Dir
169.34468172059158,172.86614263845382,MV,Dir
213.34935336136152,216.87081427922377,MV,Dir
215.7031858504405,219.2246467683027,MV,Dir
260.4578943718216,263.97935528968384,MV,Dir
39.1703542980332,42.691815215895446,MV,Dir
268.75720013512563,272.2786610529879,MV,Dir
192.37120524310308,195.8926661609653,MV,Dir
304.51807249105394,308.0395334089162,MV,Dir
157.21225382338338,160.73371474124562,MV,Dir
300.8908829682705,304.4123438861328,MV,Dir
168.20741483618727,171.7288757540495,MV,Dir
308.54740402218374,312.068864940046,MV,Dir
243.21018591862116,246.73164683648335,MV,Dir
307.2891444403897,310.810605358252,MV,Dir
291.4374484266606,294.95890934452285,MV,Dir
228.62864645124472,232.15010736910696,MV,Dir
267.391918777509,270.91337969537125,MV,Dir
221.234418317908,224.75587923577024,MV,Dir
204.0686405019576,207.59010141981983,MV,Dir
212.7088234737729,216.23028439163517,MV,Dir
185.5038056899502,189.02526660781243,MV,Dir
306.3684042904503,309.8898652083126,MV,Dir
108.08055052053716,111.60201143839942,MV,Dir
208.2627795121905,211.78424043005276,MV,Dir
282.90935187179207,286.43081278965434,MV,Dir
187.5905601020582,191.11202101992043,MV,Dir
215.62114312258075,219.142604040443,MV,Dir
221.5365963567332,225.05805727459543,MV,Dir
163.05134144733978,166.57280236520202,MV,Dir
220.467206564434,223.98866748229625,MV,Dir
263.12099901369584,266.6424599315581,MV,Dir
270.8830780116875,274.40453892954974,MV,Dir
271.7683246545135,275.28978557237576,MV,Dir
271.045496849331,274.5669577671933,MV,Dir
307.47474498165434,310.9962058995166,MV,Dir
314.68474755841515,318.2062084762774,MV,Dir
187.57764487684264,191.09910579470488,MV,Dir
339.11130533563534,342.6327662534976,MV,Dir
341.8564904609573,345.37795137881955,MV,Dir
123.28096388554184,126.80242480340408,MV,Dir
205.8474509671262,209.36891188498845,MV,Dir
200.6961672165208,204.21762813438303,MV,Dir
303.5491310247043,307.0705919425666,MV,Dir
247.9157289769616,251.43718989482383,MV,Dir
240.1016437119505,243.62310462981276,MV,Dir
161.36568080406383,164.88714172192607,MV,Dir
244.87754916406595,248.3990100819282,MV,Dir
246.0727105233041,249.59417144116637,MV,Dir
170.04376879942006,173.5652297172823,MV,Dir
348.6716774160875,352.1931383339498,MV,Dir
94.34875303709782,97.87021395496006,MV,Dir
225.3639495366677,228.8854104545299,MV,Dir
255.4543396986662,258.97580061652843,MV,Dir
250.98243607053095,254.5038969883932,MV,Dir
218.30969603526597,221.8311569531282,MV,Dir
254.6077395872244,258.12920050508666,MV,Dir
318.4092158347939,321.9306767526561,MV,Dir
101.48338965965492,105.00485057751716,MV,Dir
181.96301485940415,185.48447577726645,MV,Dir
348.8041115449269,352.3255724627892,MV,Dir
308.15608323224006,311.67754415010234,MV,Dir
212.09148621601344,215.61294713387568,MV,Dir
284.35892827438903,287.8803891922513,MV,Dir
214.6237466228669,218.1452075407291,MV,Dir
158.30757895056053,161.82903986842277,MV,Dir
201.64616033529384,205.16762125315609,MV,Dir
280.5181273703528,284.03958828821504,MV,Dir
272.75418106149164,276.2756419793539,MV,Dir
181.21150877169072,184.73296968955296,MV,Dir
312.47950112492606,316.0009620427884,MV,Dir
234.7004035033904,238.22186442125263,MV,Dir
177.38041161147626,180.9018725293385,MV,Dir
338.6461500263684,342.16761094423066,MV,Dir
263.9014339904603,267.4228949083226,MV,Dir
258.09288714253603,261.6143480603983,MV,Dir
223.52610746336404,227.04756838122628,MV,Dir
217.0895662127879,220.61102713065011,MV,Dir
232.1351598787601,235.6566207966224,MV,Dir
261.3194689578601,264.8409298757224,MV,Dir
228.51319994765703,232.0346608655193,MV,Dir
264.31745699623144,267.8389179140937,HV,Dual
313.43130580475906,316.95276672262133,HV,Dual
199.43646127075277,202.957922188615,HV,Dual
242.78774939866145,246.3092103165237,HV,Dual
288.7570981052372,292.27855902309943,HV,Dual
267.0805161369487,270.60197705481096,HV,Dual
283.25836266958106,286.77982358744333,HV,Dual
309.3779453598832,312.89940627774547,HV,Dual
325.59844720919875,329.119908127061,HV,Dual
68.84348233655882,72.36494325442106,HV,Dual
327.5800508432038,331.1015117610661,HV,Dual
255.1489128960372,258.67037381389946,HV,Dual
187.4249526388012,190.94641355666343,HV,Dual
188.06588006587,191.58734098373225,HV,Dual
247.01851854006384,250.53997945792608,HV,Dual
321.9580091170957,325.479470034958,HV,Dual
251.3666304849484,254.88809140281063,HV,Dual
243.11944089136276,246.64090180922497,HV,Dual
308.4047407446572,311.9262016625195,HV,Dual
40.79137611582679,44.31283703368904,HV,Dual
198.180249722073,201.70171063993524,HV,Dual
218.73555257874676,222.25701349660895,HV,Dual
98.64983623221336,102.17129715007562,HV,Dual
326.3542409188798,329.87570183674205,HV,Dual
248.3794089375818,251.90086985544403,HV,Dual
149.14492504713564,152.6663859649979,HV,Dual
305.8402775240057,309.361738441868,HV,Dual
172.99032051240795,176.5117814302702,HV,Dual
271.6423930582179,275.1638539760802,HV,Dual
170.2547924796755,173.77625339753774,HV,Dual
209.00830550814788,212.52976642601013,HV,Dual
221.0214761676449,224.54293708550716,HV,Dual
269.49196982025023,273.0134307381125,HV,Dual
247.3086213553652,250.83008227322745,HV,Dual
207.69846958325016,211.2199305011124,HV,Dual
167.82779764349326,171.3492585613555,HV,Dual
114.18698928884288,117.70845020670512,HV,Dual
114.60695640937703,118.12841732723928,HV,Dual
306.8439055587457,310.365366476608,HV,Dual
222.98017743031969,226.50163834818196,HV,Dual
185.5989582528768,189.120419170739,HV,Dual
187.7879429395916,191.30940385745384,HV,Dual
276.981568367065,280.50302928492727,HV,Dual
228.5653425833704,232.08680350123265,HV,Dual
297.3941591802676,300.91562009812986,HV,Dual
210.79216764675297,214.3136285646152,HV,Dual
250.84997587544456,254.3714367933068,HV,Dual
257.1046436440596,260.62610456192186,HV,Dual
21.2757595057265,24.797220423588747,HV,Dual
217.00252737599368,220.52398829385592,HV,Dual
103.34347946571192,106.86494038357417,HV,Dual
306.9156485409309,310.43710945879315,HV,Dual
316.2765113077777,319.79797222564,HV,Dual
178.9228837708626,182.44434468872484,HV,Dual
120.01918089638887,123.54064181425112,HV,Dual
324.4440648868657,327.965525804728,HV,Dual
161.56209695553554,165.08355787339778,HV,Dual
274.229412265593,277.75087318345527,HV,Dual
177.14909869759742,180.67055961545967,HV,Dual
305.54840143387844,309.0698623517407,HV,Dual
252.28701392916932,255.8084748470316,HV,Dual
201.4185370602353,204.93999797809755,HV,Dual
206.591632147059,210.11309306492123,HV,Dual
157.02513516646871,160.54659608433096,HV,Dual
86.39438191157454,89.91584282943678,HV,Dual
89.42654641268003,92.94800733054228,HV,Dual
86.4572938688807,89.97875478674294,HV,Dual
153.4946669318518,157.01612784971405,HV,Dual
223.0868761033362,226.60833702119845,HV,Dual
186.880013243308,190.40147416117023,HV,Dual
251.06522158825132,254.5866825061136,HV,Dual
152.36428224790612,155.88574316576836,HV,Dual
313.3927738021416,316.9142347200039,HV,Dual
24.503045329860228,28.024506247722474,HV,Dual
252.87320318232577,256.39466410018804,HV,Dual
29.2407626022792,32.76222352014145,HV,Dual
302.38557026359337,305.90703118145564,HV,Dual
207.1976430788644,210.71910399672663,HV,Dual
266.64067682873167,270.16213774659394,HV,Dual
329.8607620824283,333.3822230002906,HV,Dual
289.69000033879735,293.2114612566596,HV,Dual
318.1375870819513,321.6590479998136,HV,Dual
279.60642849342065,283.1278894112829,HV,Dual
196.41546706837764,199.93692798623988,HV,Dual
287.74660076602123,291.2680616838835,HV,Dual
102.94937674991816,106.4708376677804,HV,Dual
258.53884353328726,262.06030445114953,HV,Dual
287.08247538069264,290.6039362985549,HV,Dual
199.35993273558776,202.88139365345,HV,Dual
118.24146105150732,121.76292196936956,HV,Dual
317.3022037456845,320.8236646635468,HV,Dual
55.82732344989341,59.348784367755655,HV,Dual
266.0090297731562,269.5304906910185,HV,Dual
185.37747048499705,188.8989314028593,HV,Dual
271.4649649561494,274.9864258740117,HV,Dual
268.4816493561174,272.00311027397964,HV,Dual
239.77242884577203,243.29388976363427,HV,Dual
261.2683833318606,264.7898442497229,HV,Dual
260.80110451976435,264.3225654376266,HV,Dual
158.16260600261162,161.68406692047387,HV,Dual
138.35901334680634,141.88047426466858,LV,Dual
224.47955992340533,228.0010208412676,LV,Dual
146.60884361950613,150.13030453736835,LV,Dual
167.44359768804293,170.96505860590517,LV,Dual
130.5869119343699,134.10837285223215,LV,Dual
138.39604425389263,141.91750517175487,LV,Dual
150.5345737928792,154.05603471074144,LV,Dual
126.79967980525996,130.3211407231222,LV,Dual
97.42929028882864,100.9507512066909,LV,Dual
181.66596916076907,185.1874300786313,LV,Dual
96.72709801172016,100.2485589295824,LV,Dual
142.25923791763577,145.780698835498,LV,Dual
141.55129992684172,145.07276084470396,LV,Dual
201.8819831052932,205.4034440231554,LV,Dual
187.88477178330763,191.40623270116987,LV,Dual
96.23703691619244,99.75849783405468,LV,Dual
123.12766973476728,126.64913065262952,LV,Dual
48.837685438676594,52.35914635653885,LV,Dual
277.85775104679783,281.3792119646601,LV,Dual
287.4451575631249,290.9666184809872,LV,Dual
141.12040801843304,144.64186893629528,LV,Dual
115.53178207868125,119.05324299654347,LV,Dual
250.86423186398176,254.385692781844,LV,Dual
93.14209162891947,96.66355254678172,LV,Dual
217.7871751767099,221.3086360945721,LV,Dual
113.78565904370734,117.30711996156958,LV,Dual
74.71932157671675,78.240782494579,LV,Dual
149.71636269093108,153.23782360879332,LV,Dual
40.16335481950375,43.684815737366,LV,Dual
88.73854525850872,92.26000617637096,LV,Dual
192.91465376289423,196.43611468075648,LV,Dual
86.63483884705637,90.1562997649186,LV,Dual
99.1620957751574,102.68355669301964,LV,Dual
123.14661509146411,126.66807600932636,LV,Dual
97.99985031654384,101.52131123440608,LV,Dual
67.12787426307413,70.64933518093638,LV,Dual
70.5182745351792,74.03973545304144,LV,Dual
117.1267350290997,120.64819594696196,LV,Dual
214.50153394576728,218.02299486362952,LV,Dual
123.85196590022888,127.37342681809112,LV,Dual
97.80203463554344,101.32349555340568,LV,Dual
109.62752906437248,113.14898998223472,LV,Dual
46.83352775965975,50.354988677522,LV,Dual
123.60723260464442,127.12869352250668,LV,Dual
114.75822116672572,118.27968208458796,LV,Dual
102.93666916592242,106.45813008378468,LV,Dual
234.52670196704608,238.04816288490832,LV,Dual
123.7681572561517,127.28961817401394,LV,Dual
120.54502895927428,124.06648987713652,LV,Dual
167.06317645810148,170.58463737596372,LV,Dual
200.96150787583295,204.4829687936952,LV,Dual
152.17722161403643,155.6986825318987,LV,Dual
189.5957399153773,193.11720083323956,LV,Dual
195.49567492864995,199.0171358465122,LV,Dual
241.0687046217064,244.5901655395686,LV,Dual
147.9121247817911,151.43358569965335,LV,Dual
151.36788069491672,154.88934161277896,LV,Dual
189.06323048140263,192.58469139926487,LV,Dual
149.78279362544177,153.304254543304,LV,Dual
148.07496509678546,151.5964260146477,LV,Dual
314.253807320553,317.77526823841526,LV,Dual
150.54671297345718,154.06817389131942,LV,Dual
158.97164991602588,162.49311083388812,LV,Dual
231.60898604904804,235.13044696691028,LV,Dual
195.8546511534533,199.3761120713155,LV,Dual
94.58610909063891,98.10757000850116,LV,Dual
253.8078190214834,257.32927993934567,LV,Dual
308.9944691737319,312.51593009159416,LV,Dual
135.67630962476835,139.1977705426306,LV,Dual
97.43962733193918,100.96108824980142,LV,Dual
87.9002837173923,91.42174463525454,LV,Dual
115.52923416009956,119.0506950779618,LV,Dual
245.52691459324447,249.0483755111067,LV,Dual
234.5265560443869,238.0480169622491,LV,Dual
99.53324522524576,103.054706143108,LV,Dual
50.458132536741935,53.979593454604185,LV,Dual
161.98287515920936,165.5043360770716,LV,Dual
195.0059532227665,198.52741414062876,LV,Dual
288.6953935058528,292.21685442371506,LV,Dual
107.0472399189153,110.56870083677754,LV,Dual
63.95947119904224,67.48093211690448,LV,Dual
108.54965615145984,112.07111706932209,LV,Dual
118.49503648068972,122.01649739855198,LV,Dual
121.28393637514436,124.8053972930066,LV,Dual
221.2353281887212,224.7567891065834,LV,Dual
100.0772062657676,103.59866718362984,LV,Dual
163.21510694632394,166.73656786418618,LV,Dual
132.57186666649014,136.09332758435238,LV,Dual
168.7921960238178,172.31365694168005,LV,Dual
195.3836771915537,198.90513810941596,LV,Dual
134.08308502752467,137.60454594538692,LV,Dual
54.761526824918015,58.28298774278026,LV,Dual
132.67923249707957,136.2006934149418,LV,Dual
64.99632203132171,68.51778294918395,MV,Dual
202.7921509363852,206.31361185424743,MV,Dual
175.9253646849889,179.4468256028511,MV,Dual
302.6415107850749,306.1629717029372,MV,Dual
145.9389916376562,149.46045255551843,MV,Dual
176.8351199381914,180.35658085605365,MV,Dual
264.39381670312343,267.9152776209857,MV,Dual
161.33115806934242,164.85261898720466,MV,Dual
168.09629447700874,171.61775539487098,MV,Dual
212.7314066447256,216.25286756258785,MV,Dual
304.69132554194846,308.2127864598108,MV,Dual
118.78796826730536,122.30942918516762,MV,Dual
226.3938441159284,229.91530503379064,MV,Dual
273.55004484815737,277.07150576601964,MV,Dual
175.87171339456495,179.3931743124272,MV,Dual
146.02104549988607,149.5425064177483,MV,Dual
147.52491828606327,151.0463792039255,MV,Dual
191.06212332262876,194.58358424049095,MV,Dual
88.97837214448484,92.49983306234708,MV,Dual
292.94215207519267,296.46361299305494,MV,Dual
143.04768492822677,146.569145846089,MV,Dual
162.41581509543403,165.93727601329627,MV,Dual
149.92994509111085,153.4514060089731,MV,Dual
202.3407983931884,205.86225931105065,MV,Dual
32.944013454718814,36.465474372581056,MV,Dual
228.77128675139028,232.2927476692525,MV,Dual
93.47639386275895,96.9978547806212,MV,Dual
232.90555822222768,236.42701914008995,MV,Dual
129.86759592631293,133.38905684417517,MV,Dual
195.3870624087629,198.90852332662516,MV,Dual
69.16385848192972,72.68531939979196,MV,Dual
275.2102619669477,278.73172288481,MV,Dual
194.12164261916928,197.64310353703152,MV,Dual
231.38400610894735,234.9054670268096,MV,Dual
215.5854136977017,219.10687461556395,MV,Dual
167.11267694583026,170.6341378636925,MV,Dual
190.1271613053238,193.64862222318604,MV,Dual
151.3465514878108,154.86801240567306,MV,Dual
101.32609375729528,104.84755467515753,MV,Dual
172.9953917774652,176.51685269532743,MV,Dual
93.30408817592708,96.82554909378932,MV,Dual
248.02203651080652,251.5434974286688,MV,Dual
94.27497875515986,97.7964396730221,MV,Dual
177.18867534452335,180.7101362623856,MV,Dual
170.25124763564477,173.772708553507,MV,Dual
144.42782470677398,147.94928562463622,MV,Dual
164.0986245335908,167.62008545145304,MV,Dual
163.29918149810803,166.82064241597027,MV,Dual
129.52769743372644,133.0491583515887,MV,Dual
161.0318198753133,164.55328079317553,MV,Dual
203.20577991359,206.72724083145224,MV,Dual
191.0255602009726,194.54702111883483,MV,Dual
226.06341655210443,229.58487746996667,MV,Dual
173.12072687954213,176.64218779740438,MV,Dual
256.82829087325774,260.34975179112,MV,Dual
252.90481216358077,256.426273081443,MV,Dual
111.73070229742368,115.25216321528592,MV,Dual
271.99943424612843,275.5208951639907,MV,Dual
300.45774809248087,303.97920901034314,MV,Dual
73.26076626410791,76.78222718197016,MV,Dual
165.7150900829683,169.23655100083053,MV,Dual
168.93258067420751,172.45404159206976,MV,Dual
222.18493648265616,225.70639740051843,MV,Dual
186.5309830902296,190.05244400809184,MV,Dual
166.88119386469262,170.40265478255486,MV,Dual
118.2652788523116,121.78673977017384,MV,Dual
160.38160272525562,163.90306364311786,MV,Dual
203.7083905430163,207.2298514608785,MV,Dual
58.0003024544506,61.52176337231285,MV,Dual
317.2021099562536,320.72357087411586,MV,Dual
21.56102288421668,25.08248380207892,MV,Dual
174.79665388694085,178.3181148048031,MV,Dual
171.0548130054703,174.5762739233325,MV,Dual
146.89207033793872,150.41353125580096,MV,Dual
152.23916618107648,155.76062709893873,MV,Dual
163.895259067539,167.41671998540124,MV,Dual
274.3235573168324,277.8450182346947,MV,Dual
55.34265728542532,58.86411820328756,MV,Dual
107.30177235574024,110.82323327360248,MV,Dual
339.80012550053806,343.3215864184004,MV,Dual
223.93210536513155,227.4535662829938,MV,Dual
127.15958823930669,130.68104915716893,MV,Dual
221.14291518476145,224.6643761026237,MV,Dual
113.63671057565108,117.15817149351332,MV,Dual
89.9168125668237,93.43827348468594,MV,Dual
117.25784361829167,120.77930453615392,MV,Dual
215.0365230610373,218.55798397889956,MV,Dual
219.64165093319372,223.163111851056,MV,Dual
67.83832210591842,71.35978302378066,MV,Dual
275.0391044650223,278.5605653828846,MV,Dual
182.17233243289792,185.69379335076016,MV,Dual
63.2330772179809,66.75453813584315,MV,Dual
301.33146293698115,304.8529238548434,MV,Dual
224.62192591974207,228.1433868376043,MV,Dual
195.51773071145263,199.0391916293149,MV,Dual
159.10626700897691,162.62772792683916,MV,Dual
147.43249048414535,150.9539514020076,MV,Dual
191.9175033608677,195.43896427872997,MV,Dual
191.6469917336818,195.16845265154404,MV,Dual
146.29056358177306,149.8120244996353,MV,Dual
310.75906503281584,314.2805259506781,HV,Gau
348.5988028892612,352.1202638071235,HV,Gau
348.039222192142,351.5606831100043,HV,Gau
333.7179126481371,337.23937356599936,HV,Gau
333.3971773791669,336.9186382970292,HV,Gau
311.9152322405228,315.436693158385,HV,Gau
309.5259412231535,313.04740214101577,HV,Gau
349.13466005224075,352.656120970103,HV,Gau
351.7701788785962,355.29163979645847,HV,Gau
133.4462708904275,136.96773180828976,HV,Gau
348.9306651946922,352.4521261125545,HV,Gau
295.4434214495867,298.964882367449,HV,Gau
258.30845136051164,261.8299122783739,HV,Gau
228.9003514141652,232.42181233202743,HV,Gau
303.8717035598821,307.3931644777444,HV,Gau
347.78798386132,351.3094447791823,HV,Gau
348.6717703076459,352.19323122550816,HV,Gau
319.45023520432807,322.97169612219034,HV,Gau
348.4740672687448,351.99552818660703,HV,Gau
146.75037065933066,150.2718315771929,HV,Gau
267.3550830343615,270.87654395222376,HV,Gau
311.3936818100446,314.91514272790687,HV,Gau
169.41955844328416,172.9410193611464,HV,Gau
349.2448927202343,352.7663536380966,HV,Gau
299.0056864808772,302.5271473987395,HV,Gau
249.6717821676121,253.19324308547436,HV,Gau
348.6946039389481,352.2160648568104,HV,Gau
206.40539012072156,209.92685103858375,HV,Gau
321.070069277859,324.59153019572125,HV,Gau
213.43290515100347,216.9543660688657,HV,Gau
256.490246566268,260.0117074841302,HV,Gau
288.248177317601,291.7696382354633,HV,Gau
303.8291599183381,307.3506208362004,HV,Gau
299.7912465996274,303.3127075174897,HV,Gau
252.2703876934295,255.79184861129173,HV,Gau
228.5678099580588,232.08927087592104,HV,Gau
174.6219680581191,178.14342897598135,HV,Gau
194.9259399074459,198.4474008253081,HV,Gau
344.5610339334949,348.0824948513572,HV,Gau
269.14180651876114,272.6632674366234,HV,Gau
243.3446540260556,246.86611494391784,HV,Gau
296.9312587599579,300.4527196778202,HV,Gau
348.8931147886708,352.41457570653307,HV,Gau
265.87028282910484,269.3917437469671,HV,Gau
345.0719982086683,348.59345912653055,HV,Gau
274.9614789090685,278.4829398269308,HV,Gau
346.2386322773493,349.7600931952116,HV,Gau
344.58524426437344,348.1067051822357,HV,Gau
40.87307611555223,44.39453703341448,HV,Gau
279.62789082193865,283.1493517398009,HV,Gau
210.3782862099492,213.89974712781145,HV,Gau
348.7740456374783,352.2955065553406,HV,Gau
349.1956048613795,352.7170657792417,HV,Gau
232.1540784102244,235.6755393280866,HV,Gau
216.39476301246705,219.91622393032927,HV,Gau
348.61618701045296,352.13764792831523,HV,Gau
265.8153231259246,269.33678404378685,HV,Gau
348.21096083309897,351.73242175096124,HV,Gau
254.02059018319625,257.5420511010585,HV,Gau
340.5553145578309,344.0767754756932,HV,Gau
304.72022605771923,308.2416869755815,HV,Gau
261.29786218114594,264.8193230990082,HV,Gau
303.0360849343126,306.5575458521749,HV,Gau
215.9449542593018,219.46641517716404,HV,Gau
190.9567296662063,194.47819058406853,HV,Gau
339.3726295448911,342.8940904627533,HV,Gau
203.10112122975605,206.6225821476183,HV,Gau
209.93022160387653,213.4516825217388,HV,Gau
252.1449254840303,255.6663864018925,HV,Gau
246.3093578345854,249.83081875244764,HV,Gau
348.5710011572344,352.09246207509665,HV,Gau
280.29591535600724,283.8173762738695,HV,Gau
349.0317589722234,352.55321989008564,HV,Gau
76.58494751565608,80.10640843351833,HV,Gau
322.4479122374449,325.96937315530715,HV,Gau
37.84079184844291,41.36225276630516,HV,Gau
338.38755446466,341.9090153825223,HV,Gau
282.80230962614826,286.32377054401053,HV,Gau
310.9218607690067,314.44332168686896,HV,Gau
348.4479452331412,351.96940615100345,HV,Gau
347.35426562291855,350.8757265407808,HV,Gau
348.7236086974111,352.2450696152734,HV,Gau
327.9039733364113,331.4254342542736,HV,Gau
236.9363800360585,240.45784095392077,HV,Gau
346.4008401435079,349.9223010613701,HV,Gau
219.06125585894895,222.5827167768112,HV,Gau
347.08108558676406,350.60254650462633,HV,Gau
333.2092387589947,336.73069967685694,HV,Gau
246.96932484199917,250.49078575986135,HV,Gau
237.65307388072247,241.17453479858472,HV,Gau
339.4951981912473,343.0166591091096,HV,Gau
69.49223682088575,73.013697738748,HV,Gau
325.54371975644165,329.0651806743039,HV,Gau
254.57499284833057,258.09645376619284,HV,Gau
337.4719161647053,340.9933770825676,HV,Gau
325.8999762849816,329.4214372028439,HV,Gau
345.7737662371944,349.2952271550567,HV,Gau
286.89327870657246,290.4147396244348,HV,Gau
322.9445683023264,326.4660292201886,HV,Gau
217.09758328639293,220.6190442042552,HV,Gau
183.9731455161651,187.49460643402733,LV,Gau
288.7263238521182,292.24778476998046,LV,Gau
179.73192302844137,183.2533839463036,LV,Gau
201.622946489406,205.14440740726823,LV,Gau
167.535088377365,171.05654929522726,LV,Gau
168.04468328343702,171.56614420129927,LV,Gau
222.12205107367316,225.64351199153535,LV,Gau
195.4848349644273,199.00629588228955,LV,Gau
167.19062236007784,170.71208327794008,LV,Gau
224.9584111287298,228.47987204659205,LV,Gau
118.11930992042431,121.64077083828656,LV,Gau
175.3086962050441,178.83015712290634,LV,Gau
187.21825703752307,190.7397179553853,LV,Gau
230.26017844599085,233.7816393638531,LV,Gau
245.44868707508,248.97014799294223,LV,Gau
123.36852177159682,126.88998268945906,LV,Gau
150.72750785737867,154.2489687752409,LV,Gau
147.1804875903456,150.70194850820783,LV,Gau
319.1629564245346,322.6844173423969,LV,Gau
329.5553483685552,333.0768092864175,LV,Gau
185.56769290238668,189.08915382024887,LV,Gau
179.03387211063563,182.55533302849787,LV,Gau
319.8763692307212,323.39783014858347,LV,Gau
191.03912486573404,194.56058578359628,LV,Gau
302.0716685766265,305.5931294944888,LV,Gau
129.8233191260198,133.34478004388205,LV,Gau
110.69435270562438,114.21581362348662,LV,Gau
233.9503713856164,237.47183230347864,LV,Gau
339.3778305340774,342.8992914519397,LV,Gau
141.86801837465137,145.3894792925136,LV,Gau
249.7944515114798,253.31591242934203,LV,Gau
130.37032806405773,133.89178898191997,LV,Gau
152.02139725708992,155.54285817495216,LV,Gau
163.22030142065677,166.741762338519,LV,Gau
129.43986245673435,132.9613233745966,LV,Gau
77.21177137868756,80.7332322965498,LV,Gau
204.84258227096456,208.3640431888268,LV,Gau
170.37293363601506,173.8943945538773,LV,Gau
258.32846340073075,261.849924318593,LV,Gau
171.83733958801986,175.3588005058821,LV,Gau
116.77131416542458,120.29277508328684,LV,Gau
138.75631148203215,142.2777723998944,LV,Gau
59.89582502924965,63.41728594711189,LV,Gau
173.75015938350404,177.27162030136628,LV,Gau
162.21438329677133,165.73584421463357,LV,Gau
182.5136445362258,186.03510545408804,LV,Gau
284.2965894517547,287.81805036961697,LV,Gau
167.26106340697268,170.78252432483492,LV,Gau
145.3076945169205,148.8291554347827,LV,Gau
205.26723477151972,208.788695689382,LV,Gau
259.0434320907075,262.5648930085697,LV,Gau
210.93128303425223,214.4527439521145,LV,Gau
236.28389500632355,239.8053559241858,LV,Gau
234.3031848007177,237.82464571857997,LV,Gau
327.1574252934132,330.6788862112755,LV,Gau
195.4043160524868,198.92577697034903,LV,Gau
207.5820150403052,211.10347595816745,LV,Gau
290.57781383284544,294.0992747507077,LV,Gau
223.1655054106166,226.68696632847883,LV,Gau
178.19189373390097,181.7133546517632,LV,Gau
347.5891639699915,351.11062488785376,LV,Gau
240.59827251847065,244.1197334363329,LV,Gau
194.27521509040864,197.7966760082709,LV,Gau
261.67356438321747,265.19502530107974,LV,Gau
252.72314267047625,256.2446035883385,LV,Gau
138.31943494565866,141.8408958635209,LV,Gau
348.6820593506542,352.20352026851646,LV,Gau
342.03249306984856,345.5539539877108,LV,Gau
219.95287950989996,223.47434042776217,LV,Gau
135.3377086325469,138.85916955040915,LV,Gau
179.88489508755003,183.40635600541228,LV,Gau
197.2149901740044,200.7364510918666,LV,Gau
312.8643506004617,316.385811518324,LV,Gau
263.7311091165195,267.2525700343818,LV,Gau
124.8579111745699,128.37937209243216,LV,Gau
109.9160896389126,113.43755055677484,LV,Gau
207.21092987767852,210.7323907955408,LV,Gau
221.4020158590796,224.9234767769418,LV,Gau
321.53686931038885,325.0583302282511,LV,Gau
143.91399647604914,147.43545739391138,LV,Gau
154.3166494755408,157.83811039340304,LV,Gau
129.9229638313781,133.44442474924034,LV,Gau
175.7584680233645,179.27992894122673,LV,Gau
183.52383650683043,187.04529742469268,LV,Gau
297.1114219868772,300.63288290473946,LV,Gau
175.2626053531602,178.78406627102245,LV,Gau
351.2116084059512,354.7330693238135,LV,Gau
157.33149352879292,160.85295444665516,LV,Gau
227.32955709164528,230.85101800950756,LV,Gau
271.679736632833,275.20119755069527,LV,Gau
173.7030534014946,177.22451431935684,LV,Gau
118.77668104299454,122.29814196085678,LV,Gau
174.19704863721114,177.71850955507338,LV,Gau
208.68437106998428,212.20583198784647,MV,Gau
280.94641409619845,284.4678750140607,MV,Gau
201.6049567836232,205.12641770148545,MV,Gau
343.81002607016126,347.3314869880235,MV,Gau
192.7969741161631,196.31843503402536,MV,Gau
238.75279170594777,242.27425262381,MV,Gau
308.0950533688519,311.61651428671416,MV,Gau
183.60276586259465,187.1242267804569,MV,Gau
251.9884215244208,255.509882442283,MV,Gau
253.0032054327264,256.52466635058863,MV,Gau
342.86757318220816,346.38903410007043,MV,Gau
185.5267560995435,189.04821701740573,MV,Gau
299.00880794141943,302.5302688592817,MV,Gau
314.72656761969495,318.2480285375572,MV,Gau
223.32213932257508,226.84360024043733,MV,Gau
199.6463629461755,203.16782386403773,MV,Gau
221.45988866427248,224.9813495821347,MV,Gau
201.82348396346936,205.3449448813316,MV,Gau
271.8953374350298,275.41679835289204,MV,Gau
348.5830273698882,352.1044882877505,MV,Gau
199.6311319815246,203.15259289938683,MV,Gau
204.10619637377533,207.6276572916376,MV,Gau
210.5406173918663,214.06207830972852,MV,Gau
236.55684775808743,240.0783086759497,MV,Gau
291.99243647722943,295.5138973950917,MV,Gau
293.351455578207,296.87291649606925,MV,Gau
147.4308023852988,150.95226330316103,MV,Gau
287.16198572112023,290.6834466389825,MV,Gau
205.722857336719,209.24431825458123,MV,Gau
310.6168812434354,314.13834216129766,MV,Gau
117.97184849347173,121.49330941133395,MV,Gau
298.3510055888808,301.8724665067431,MV,Gau
273.2760776332918,276.79753855115405,MV,Gau
280.0070131757219,283.5284740935842,MV,Gau
265.09860162691564,268.6200625447779,MV,Gau
213.25755575847717,216.77901667633935,MV,Gau
274.56401563068226,278.08547654854453,MV,Gau
212.39622712310225,215.9176880409645,MV,Gau
114.93156584121871,118.45302675908096,MV,Gau
237.9517513844039,241.47321230226612,MV,Gau
119.53663517807028,123.05809609593253,MV,Gau
317.72976497950305,321.2512258973653,MV,Gau
169.78841715035074,173.30987806821298,MV,Gau
234.8853841977941,238.40684511565635,MV,Gau
179.36377661207064,182.88523752993288,MV,Gau
202.9974875207751,206.51894843863732,MV,Gau
215.35937488545184,218.88083580331408,MV,Gau
205.4393582835524,208.9608192014147,MV,Gau
180.2110852095337,183.73254612739595,MV,Gau
285.4406014736344,288.96206239149666,MV,Gau
256.1168457527624,259.6383066706246,MV,Gau
284.1387946284834,287.6602555463457,MV,Gau
300.8370394299529,304.35850034781515,MV,Gau
198.5176762848796,202.03913720274184,MV,Gau
311.4267131172537,314.948174035116,MV,Gau
295.9140081281342,299.43546904599646,MV,Gau
147.97360959132217,151.49507050918442,MV,Gau
303.5813730158678,307.1028339337301,MV,Gau
337.30550092021,340.82696183807224,MV,Gau
159.2897984789918,162.81125939685404,MV,Gau
221.0527138502316,224.57417476809383,MV,Gau
238.85990022935607,242.3813611472183,MV,Gau
349.52389073652915,353.0453516543914,MV,Gau
251.0467885463663,254.56824946422853,MV,Gau
195.5308066440768,199.05226756193903,MV,Gau
166.71141798248578,170.23287890034803,MV,Gau
206.44980973269583,209.97127065055807,MV,Gau
219.26226760338704,222.7837285212493,MV,Gau
76.71032463031436,80.2317855481766,MV,Gau
349.12933388701214,352.6507948048744,MV,Gau
175.2729553322678,178.79441625013004,MV,Gau
202.9268490495112,206.4483099673734,MV,Gau
198.1673166154281,201.6887775332904,MV,Gau
188.0116390380158,191.53309995587804,MV,Gau
165.25119187900654,168.77265279686878,MV,Gau
224.03726854694887,227.5587294648112,MV,Gau
326.7840841353309,330.3055450531932,MV,Gau
151.52402678224558,155.04548770010783,MV,Gau
128.03793141323618,131.55939233109842,MV,Gau
349.36903993625765,352.8905008541199,MV,Gau
348.9375415737862,352.45900249164845,MV,Gau
184.96793508907984,188.4893960069421,MV,Gau
284.4984180974064,288.01987901526866,MV,Gau
139.03698782283612,142.55844874069837,MV,Gau
132.52182336602323,136.04328428388547,MV,Gau
162.83793034794908,166.35939126581133,MV,Gau
289.76040546426503,293.2818663821273,MV,Gau
281.9423427272471,285.4638036451093,MV,Gau
100.91666241046356,104.43812332832582,MV,Gau
300.1731669610093,303.6946278788716,MV,Gau
220.55543195089376,224.076892868756,MV,Gau
81.5154483424881,85.03690926035034,MV,Gau
330.3826954934149,333.90415641127714,MV,Gau
293.4733025084703,296.9947634263325,MV,Gau
242.49538720790724,246.01684812576949,MV,Gau
255.02720136790052,258.5486622857628,MV,Gau
181.4323995506814,184.95386046854364,MV,Gau
223.43176473190064,226.95322564976289,MV,Gau
265.9554644588812,269.47692537674345,MV,Gau
221.20593329270972,224.727394210572,MV,Gau
