param_1,param_2,param_3,condition,model
0.6621154199999999,0.5524241,-1.43023411,HV,actr
0.03300771999999996,0.86447715,-0.16083996,HV,actr
0.32205107999999993,0.48114673,-1.43457543,HV,actr
0.56320125,0.50364857,-1.07946408,HV,actr
0.47277285,0.50110743,-0.63776885,HV,actr
0.48534568,0.46255282,-0.32753926,HV,actr
0.40906606999999995,0.0309038,-0.15690209,HV,actr
0.0008597200000000083,0.11941203,-0.04772717,HV,actr
0.05989961999999993,0.23610298,-0.89345997,HV,actr
0.88825743,0.36654035,-0.57154216,HV,actr
0.04571225999999995,0.58933457,-1.64072851,HV,actr
0.70728243,0.04854143,-0.51599992,HV,actr
0.76634401,0.13633802,-1.73833095,HV,actr
0.75047911,0.25243262,-0.28647108,HV,actr
0.58880362,0.30510687,-0.99055997,HV,actr
0.11784413999999999,0.42309201,-0.15785423,HV,actr
0.06767566000000003,0.07814683,-0.20151065,HV,actr
0.7121517799999999,0.35170199,-1.50523436,HV,actr
0.00013076000000000754,0.2085728,-0.64196012,HV,actr
0.89760677,0.1956479,-0.14535825,HV,actr
0.77062088,0.14591817,-1.32293192,HV,actr
0.54529807,0.95023513,-1.63207571,HV,actr
0.92629632,0.55982285,-0.99369745,HV,actr
0.6694275999999999,0.17907396,-0.1864634,HV,actr
0.74911338,0.24193233,-1.5288649,HV,actr
0.81826448,0.07765933,-0.85093091,HV,actr
0.03904012999999995,0.97138514,-0.31778707,HV,actr
0.7614129199999999,0.06266994,-0.78560951,HV,actr
0.47873031999999993,0.70409199,-1.02182604,HV,actr
0.74812176,0.53736959,-0.10456714,HV,actr
0.8326286199999999,0.01956126,-1.3706064,HV,actr
0.61395192,0.53484258,-1.52476929,HV,actr
0.7407307999999999,0.64135008,-1.76098486,HV,actr
0.7157172599999999,0.18042349,-1.41356521,HV,actr
0.71162624,0.05955331,-0.2512909,HV,actr
0.7442766999999999,0.41113714,-1.45950235,HV,actr
0.65930164,0.12150148,-0.80039034,HV,actr
0.88909103,0.38442035,-0.44036661,HV,actr
0.04852391999999994,0.40389996,-0.25069459,HV,actr
0.77302475,0.0517004,-1.19850143,HV,actr
0.82870817,0.29331293,-1.46809424,HV,actr
0.73970442,0.6497586,-1.07729764,HV,actr
0.24735648999999993,0.29157947,-0.78094016,HV,actr
0.81036729,0.58768111,-1.74911132,HV,actr
0.029612850000000024,0.79383027,-1.72774842,HV,actr
0.66737282,0.4148009,-1.12093741,HV,actr
0.81410971,0.95283819,-1.9244981,HV,actr
0.11088206999999994,0.27931628,-0.14453995,HV,actr
0.926561,0.39171487,-1.87801641,HV,actr
0.77891651,0.43517799,-1.35303528,HV,actr
0.90368709,0.9372673,-0.43416628,HV,actr
0.26165432999999994,0.14964717,-0.09421221,HV,actr
0.37311510999999997,0.30046549,-1.67403973,HV,actr
0.7804926,0.45493639,-0.14109188,HV,actr
0.7518709699999999,0.76630233,-1.98869846,HV,actr
0.015796249999999956,0.82924411,-1.78612105,HV,actr
0.60225912,0.29185187,-1.26662588,HV,actr
0.09688527000000002,0.52581116,-1.77845961,HV,actr
0.65528933,0.05797449,-1.84617643,HV,actr
0.26691076,0.70933585,-0.93336187,HV,actr
0.6341386899999999,0.96655044,-1.3469583,HV,actr
0.76008146,0.69275813,-1.58701524,HV,actr
0.57652016,0.34503353,-0.47463291,HV,actr
0.71714015,0.56082138,-1.98449533,HV,actr
0.87384849,0.50527358,-1.17488571,HV,actr
0.53085357,0.35354488,-1.56992218,HV,actr
0.82226309,0.16913525,-1.05458308,HV,actr
0.81602862,0.57398233,-1.20579423,HV,actr
0.79252032,0.65592943,-1.64205452,HV,actr
0.78673364,0.512457,-0.80281228,HV,actr
0.12958004999999995,0.80285348,-1.04631478,HV,actr
0.7915556499999999,0.81278306,-1.59921682,HV,actr
0.054911370000000015,0.5047592,-0.66925209,HV,actr
0.86577838,0.10700912,-0.17663861,HV,actr
0.45018611,0.60938411,-1.82514516,HV,actr
0.9358579,0.13952716,-1.74275758,HV,actr
0.5976343399999999,0.58174337,-0.63943548,HV,actr
0.7130457299999999,0.49880839,-1.73241711,HV,actr
0.56204811,0.91850189,-0.99461377,HV,actr
0.19580747999999992,0.16312336,-1.48199134,HV,actr
0.23361502,0.78168525,-0.87543628,HV,actr
0.2948592099999999,0.71678575,-0.58967554,HV,actr
0.36748426,0.29297947,-1.30537052,HV,actr
0.695536407,0.00108732975,-1.44772706,HV,actr
0.0,0.7421309,-0.11306519,HV,actr
0.82564227,0.00822981,-0.21176231,HV,actr
0.08611590000000002,0.5923138,-0.86935182,HV,actr
0.39039778,0.8753258,-1.70702478,HV,actr
0.69762103,0.27721772,-1.74037214,HV,actr
0.7788823,0.19232699,-1.30829609,HV,actr
0.19075600999999998,0.83784846,-1.93506505,HV,actr
0.9187027299999999,0.42157444,-1.67352019,HV,actr
0.55221396,0.42757771,-0.95747275,HV,actr
0.7805049399999999,0.1616337,-1.1077707,HV,actr
0.32122142,0.81624657,-0.08634211,HV,actr
0.7169748499999999,0.87034377,-0.66929508,HV,actr
0.27289043999999996,0.73011456,-0.73617557,HV,actr
0.62829996,0.37904502,-1.52118687,HV,actr
0.37555326999999994,0.17547822,-0.09186313,HV,actr
0.7117578899999999,0.56704191,-1.32858348,HV,actr
0.90803285,0.90197435,-1.19743237,LV,actr
0.80610619,0.8455957,-1.60856926,LV,actr
0.8877950299999999,0.14776754,-0.66612903,LV,actr
0.86939039,0.33563162,-1.69662109,LV,actr
0.91866079,0.15109788,-1.93760409,LV,actr
0.92520433,0.92593555,-0.87367539,LV,actr
0.9359828,0.97764706,-1.39001113,LV,actr
0.8926396799999999,0.65024446,-1.19140168,LV,actr
0.90655904,0.06083169,-1.28345567,LV,actr
0.8946849299999999,0.83638997,-0.68837734,LV,actr
0.9495069199999999,0.93326387,-0.51085673,LV,actr
0.92541463,0.958545,-0.07157798,LV,actr
0.94517874,0.51542672,-1.87187957,LV,actr
0.89100541,0.83301412,-1.98047997,LV,actr
0.8391831,0.32689771,-1.37786685,LV,actr
0.82362645,0.28985301,-1.34040362,LV,actr
0.89768991,0.05114094,-0.4621645,LV,actr
0.93310693,0.45367066,-1.54786341,LV,actr
0.6580311999999999,0.890756,-0.25432707,LV,actr
0.69904523,0.10171623,-0.97413862,LV,actr
0.8815143799999999,0.49591659,-1.54440187,LV,actr
0.8982498099999999,0.50962065,-0.78465849,LV,actr
0.63031145,0.45913327,-0.45709935,LV,actr
0.94435485,0.12045229,-0.33982014,LV,actr
0.7856598699999999,0.08393065,-1.19215793,LV,actr
0.95538011,0.30252702,-1.33298829,LV,actr
0.9488605299999999,0.47154822,-0.63784812,LV,actr
0.93347551,0.84449775,-0.46300547,LV,actr
0.69527512,0.0126959,-1.28373896,LV,actr
0.89231751,0.23612055,-1.74406467,LV,actr
0.8039405199999999,0.53474673,-1.08350174,LV,actr
0.8994658099999999,0.13476635,-0.64857721,LV,actr
0.97076299,0.95327544,-0.32411223,LV,actr
0.88384241,0.75361707,-1.84621992,LV,actr
0.96308058,0.53422656,-1.56982371,LV,actr
0.95624892,0.50450642,-1.89952691,LV,actr
0.97400802,0.78746184,-0.16901855,LV,actr
0.8691101299999999,0.28054549,-1.8876427,LV,actr
0.85714064,0.6154357,-1.42903613,LV,actr
0.88300191,0.46753154,-1.45034694,LV,actr
0.9392947199999999,0.65683207,-1.59735532,LV,actr
0.88940168,0.00204996,-0.95590549,LV,actr
0.9387348,0.1162787,-1.44124497,LV,actr
0.95573257,0.93065183,-1.7627728,LV,actr
0.891228,0.22074173,-1.14396242,LV,actr
0.90733615,0.66187279,-1.14216208,LV,actr
0.89851899,0.83219092,-1.27339835,LV,actr
0.94140454,0.86848368,-0.9920937,LV,actr
0.9456463399999999,0.6743488,-1.09592371,LV,actr
0.88548968,0.52455702,-0.01081538,LV,actr
0.84154018,0.50162177,-0.685217,LV,actr
0.86675834,0.25121038,-1.41385562,LV,actr
0.88474266,0.83673266,-0.94702625,LV,actr
0.8871918799999999,0.41732579,-1.21854872,LV,actr
0.6667651699999999,0.43975653,-0.59089149,LV,actr
0.9287611,0.48688201,-0.454812,LV,actr
0.9318987799999999,0.74135965,-0.35140619,LV,actr
0.7876239,0.17551796,-0.21880784,LV,actr
0.80472223,0.18959746,-1.0535224,LV,actr
0.85453824,0.02378616,-1.71987758,LV,actr
0.11614419999999992,0.63869657,-1.73021324,LV,actr
0.8673091399999999,0.60663107,-1.61596796,LV,actr
0.89759934,0.32438279,-0.792862,LV,actr
0.8242565199999999,0.73841541,-1.6705016,LV,actr
0.86597831,0.06748553,-1.64244266,LV,actr
0.92745329,0.15049145,-0.26222466,LV,actr
0.025129529999999956,0.08978728,-0.86340267,LV,actr
0.50628629,0.59185145,-0.04527121,LV,actr
0.8619722599999999,0.32080776,-0.40829117,LV,actr
0.95511236,0.72891971,-0.11162879,LV,actr
0.89819856,0.58297736,-1.9261181,LV,actr
0.90279467,0.61453322,-0.75648285,LV,actr
0.65279594,0.1517121,-0.60146845,LV,actr
0.8863580799999999,0.66235347,-1.35010749,LV,actr
0.89641189,0.21911382,-1.19380074,LV,actr
0.93781892,0.54001213,-1.41043357,LV,actr
0.88559049,0.44766336,-1.08210899,LV,actr
0.8370784099999999,0.51862413,-0.60789145,LV,actr
0.59515131,0.80014424,-1.64500993,LV,actr
0.91914447,0.45830933,-0.08827878,LV,actr
0.9490464,0.31859627,-1.94103961,LV,actr
0.9147274599999999,0.15919322,-1.1983188,LV,actr
0.85805416,0.73775708,-1.93120119,LV,actr
0.8738103399999999,0.222825,-1.9708694,LV,actr
0.78272197,0.34379135,-0.52093955,LV,actr
0.86583532,0.42565527,-1.96031489,LV,actr
0.02422320999999994,0.9868507,-1.73384582,LV,actr
0.92361354,0.30065816,-1.74524314,LV,actr
0.896906,0.46179696,-0.98372538,LV,actr
0.9102652,0.62280814,-0.17339013,LV,actr
0.91236944,0.17440081,-1.14390102,LV,actr
0.85070455,0.27254278,-1.56115188,LV,actr
0.93327814,0.50437118,-0.73936805,LV,actr
0.95794004,0.72836001,-0.46886667,MV,actr
0.7951193,0.03594503,-0.61430295,MV,actr
0.90814115,0.28214084,-0.59641723,MV,actr
0.37712426,0.95118509,-0.77884674,MV,actr
0.94998671,0.75748953,-1.72097704,MV,actr
0.87502938,0.27938376,-0.26090155,MV,actr
0.60446785,0.88977766,-0.49616177,MV,actr
0.8879644099999999,0.40923555,-0.54554843,MV,actr
0.81266518,0.58090468,-1.18711037,MV,actr
0.87669917,0.97606474,-0.45043626,MV,actr
0.25329665,0.10122078,-0.71383024,MV,actr
0.8720432,0.59251183,-0.2619802,MV,actr
0.6885419399999999,0.28321717,-1.78177034,MV,actr
0.63191124,0.76540888,-0.6490954,MV,actr
0.91389312,0.77564139,-1.88047268,MV,actr
0.89516014,0.23920865,-0.9997237,MV,actr
0.8065201,0.00978913,-0.02527375,MV,actr
0.92648128,0.74038822,-1.5454105,MV,actr
0.87174915,0.94757887,-0.57415074,MV,actr
0.010627179999999958,0.00821402,-1.81326552,MV,actr
0.88601346,0.53593804,-1.73446678,MV,actr
0.93451433,0.83558203,-0.51472454,MV,actr
0.78340166,0.41544123,-1.1026285,MV,actr
0.77791291,0.94481105,-1.25413378,MV,actr
0.94899163,0.64591818,-1.50050303,MV,actr
0.69868086,0.71010102,-1.86459315,MV,actr
0.95446457,0.5105771,-1.03793102,MV,actr
0.78803432,0.91289372,-0.74664639,MV,actr
0.86791973,0.02637064,-0.185762,MV,actr
0.71649846,0.38763389,-1.74684532,MV,actr
0.89472498,0.03301666,-1.86939883,MV,actr
0.74023977,0.93213176,-1.61061651,MV,actr
0.7835989,0.39137865,-1.13004837,MV,actr
0.7537003499999999,0.30191136,-1.99053123,MV,actr
0.84270351,0.93793998,-1.95010078,MV,actr
0.81303008,0.68014449,-0.38342379,MV,actr
0.7744179,0.8586335,-0.95858005,MV,actr
0.8860738499999999,0.64203069,-1.44342995,MV,actr
0.93020033,0.0659041,-0.96398958,MV,actr
0.82843413,0.32409322,-0.24461583,MV,actr
0.9185580099999999,0.52564102,-1.68420298,MV,actr
0.6531832399999999,0.06107482,-0.81226683,MV,actr
0.93859735,0.96250338,-0.40097918,MV,actr
0.8448179,0.2402193,-0.55985265,MV,actr
0.8575510399999999,0.48801399,-1.20691161,MV,actr
0.9211747,0.42963773,-0.9181961,MV,actr
0.90239954,0.83151839,-0.93463243,MV,actr
0.859625,0.50633455,-1.03506419,MV,actr
0.83075839,0.44871654,-0.7021783,MV,actr
0.84615696,0.75414411,-0.29690057,MV,actr
0.85068582,0.43212525,-0.87226537,MV,actr
0.7891583,0.01276107,-0.32559903,MV,actr
0.6134770599999999,0.85187989,-1.36519574,MV,actr
0.91710733,0.67594805,-1.40383283,MV,actr
0.63964656,0.32037607,-0.63441577,MV,actr
0.75681561,0.36912796,-0.45618533,MV,actr
0.89805726,0.41122413,-1.0206002,MV,actr
0.68368365,0.37659625,-1.84174053,MV,actr
0.6836201399999999,0.65651984,-0.06330778,MV,actr
0.85442557,0.2811369,-0.894146,MV,actr
0.8575647799999999,0.58952431,-0.28138758,MV,actr
0.77320598,0.2307567,-1.96369621,MV,actr
0.29262126,0.79227943,-0.52025925,MV,actr
0.93629852,0.63024765,-0.1917984,MV,actr
0.89019627,0.34145461,-0.7068457,MV,actr
0.88701401,0.28681488,-0.81023804,MV,actr
0.88499072,0.44744893,-0.06438724,MV,actr
0.86289176,0.05254205,-1.33723936,MV,actr
0.95571198,0.00631348,-1.34666969,MV,actr
0.043317680000000025,0.41159048,-0.58749464,MV,actr
0.9754476599999999,0.15382182,-0.18943561,MV,actr
0.82964341,0.31060155,-0.34149447,MV,actr
0.82699663,0.33338839,-0.08347268,MV,actr
0.8708708599999999,0.03207693,-1.42470523,MV,actr
0.8763231899999999,0.21664538,-0.44833851,MV,actr
0.8809829499999999,0.96211007,-1.23280004,MV,actr
0.7526998699999999,0.16319936,-1.85501948,MV,actr
0.95951183,0.37901862,-0.28204149,MV,actr
0.89156806,0.12330275,-1.19347824,MV,actr
0.033467860000000016,0.2262994,-1.33738699,MV,actr
0.07480854999999997,0.48038764,-0.80597378,MV,actr
0.9341843999999999,0.6680824,-1.791718,MV,actr
0.81598216,0.39867444,-1.89677247,MV,actr
0.89837116,0.54370908,-1.74176479,MV,actr
0.8683445999999999,0.21060722,-1.625674,MV,actr
0.9291503799999999,0.61393996,-1.9712136,MV,actr
0.7615642499999999,0.38000915,-0.47396131,MV,actr
0.7355839099999999,0.06700923,-1.38715446,MV,actr
0.94752532,0.2959281,-0.96245507,MV,actr
0.72277597,0.1482187,-0.01379069,MV,actr
0.89355714,0.75578556,-1.44559269,MV,actr
0.9073457699999999,0.20512164,-1.57965655,MV,actr
0.41193422,0.27423198,-1.74785295,MV,actr
0.79056086,0.10776488,-1.24913759,MV,actr
0.86123363,0.66228057,-1.40312804,MV,actr
0.84170424,0.37390009,-1.77065252,MV,actr
0.85934756,0.94782633,-1.41315778,MV,actr
0.89366209,0.85244242,-1.33136599,MV,actr
0.8750792599999999,0.36891302,-0.7964486,MV,actr
0.90834123,0.41464398,-0.79740404,MV,actr
0.587528,0.176006,,HV,decay
0.01293841,0.01934855,,HV,decay
0.09447317,0.0001,,HV,decay
0.91953465,0.53204334,,HV,decay
1.31348028,0.47328663,,HV,decay
0.99362164,0.2671994,,HV,decay
0.58921512,0.1699879,,HV,decay
0.05567398,0.02250612,,HV,decay
4.9999,0.99844353,,HV,decay
2.55907304,0.380219,,HV,decay
4.9999,0.99698844,,HV,decay
0.87681242,0.24987372,,HV,decay
0.90904487,0.24449859,,HV,decay
1.05909375,0.2621695,,HV,decay
0.36844,0.08846611,,HV,decay
0.49759642,0.20103195,,HV,decay
0.20901125,0.19603971,,HV,decay
0.05455245,0.0001,,HV,decay
0.3616038,0.10828382,,HV,decay
1.82134115,0.3320661,,HV,decay
0.39747755,0.08087363,,HV,decay
0.09218324,0.0001,,HV,decay
0.2538765,0.02591147,,HV,decay
4.9999,0.99888206,,HV,decay
2.3167501,0.85023359,,HV,decay
0.51365696,0.09928903,,HV,decay
0.0001,0.9999,,HV,decay
1.99605593,0.51371844,,HV,decay
0.43257548,0.1044614,,HV,decay
0.09250648,0.01614368,,HV,decay
0.11631875,0.02738535,,HV,decay
0.07474235,0.01698909,,HV,decay
2.2146733,0.70611589,,HV,decay
0.08708354,0.0164302,,HV,decay
0.91218101,0.19150185,,HV,decay
0.08714188,0.0001,,HV,decay
0.78183405,0.15665876,,HV,decay
0.37765757,0.05979657,,HV,decay
4.9999,0.99479188,,HV,decay
0.46483388,0.07653999,,HV,decay
0.29511463,0.0302014,,HV,decay
0.06529363,0.0001,,HV,decay
0.01550318,0.0001,,HV,decay
2.10783507,0.69935259,,HV,decay
0.12585927,0.10721935,,HV,decay
0.13228877,0.02467074,,HV,decay
0.8436596,0.23354561,,HV,decay
0.34727283,0.12967178,,HV,decay
1.69596698,0.20433747,,HV,decay
0.80346284,0.29204443,,HV,decay
1.39180173,0.23481009,,HV,decay
0.0001,0.9999,,HV,decay
0.1143011,0.06475353,,HV,decay
0.15303162,0.02721671,,HV,decay
0.24394495,0.04431386,,HV,decay
2.22999537,0.90364159,,HV,decay
2.92271272,0.71223393,,HV,decay
0.0001,0.9999,,HV,decay
1.8066938,0.39326159,,HV,decay
0.43361186,0.17049024,,HV,decay
0.15622896,0.04077195,,HV,decay
0.06393444,0.0001,,HV,decay
0.04783581,0.0001,,HV,decay
1.12314217,0.24145058,,HV,decay
0.32344588,0.02587893,,HV,decay
0.09070723,0.00964923,,HV,decay
0.137032563,0.0001,,HV,decay
0.39368175,0.08272121,,HV,decay
1.34956092,0.36775834,,HV,decay
0.80133959,0.15828831,,HV,decay
0.05208182,0.00744253,,HV,decay
0.6183956,0.10719136,,HV,decay
0.5293472,0.27036701,,HV,decay
0.454160441,0.0001,,HV,decay
0.21593557,0.067365,,HV,decay
1.96351723,0.37328976,,HV,decay
0.06645909,0.03356549,,HV,decay
0.09510842,0.00850789,,HV,decay
1.01576998,0.39864686,,HV,decay
4.9999,0.99934014,,HV,decay
0.01269661,0.02054389,,HV,decay
0.69520577,0.27694448,,HV,decay
2.17807276,0.80533449,,HV,decay
0.88321856,0.1676576,,HV,decay
0.0001,0.9999,,HV,decay
0.09066267,0.00126099,,HV,decay
0.54036219,0.36778824,,HV,decay
0.07493982,0.02602804,,HV,decay
1.1174523,0.38330451,,HV,decay
0.37644636,0.04527487,,HV,decay
0.53207626,0.39632747,,HV,decay
2.68710967,0.37154491,,HV,decay
0.07062803,0.00728852,,HV,decay
0.07652844,0.0001,,HV,decay
0.60190692,0.37785274,,HV,decay
1.3606651,0.58339491,,HV,decay
1.39143662,0.40995192,,HV,decay
0.04139993,0.00981702,,HV,decay
0.04905702,0.00013345,,HV,decay
0.09071786,0.0001,,HV,decay
0.54336945,0.09877493,,LV,decay
3.03437912,0.86878943,,LV,decay
0.14100919,0.02313627,,LV,decay
0.6214606,0.15963986,,LV,decay
1.14961316,0.20546474,,LV,decay
1.93903308,0.45078338,,LV,decay
0.74095815,0.12979124,,LV,decay
0.44983863,0.0532396,,LV,decay
0.3369862,0.03359184,,LV,decay
1.06295125,0.23498908,,LV,decay
1.26985144,0.19948037,,LV,decay
0.22134605,0.0396722,,LV,decay
1.8701291,0.4403438,,LV,decay
1.25852849,0.34074167,,LV,decay
0.95071914,0.23041624,,LV,decay
2.16788091,0.46636418,,LV,decay
0.75793672,0.14510418,,LV,decay
0.5517539,0.02779511,,LV,decay
0.22017924,0.07844806,,LV,decay
0.55612234,0.25429794,,LV,decay
0.20359671,0.02066288,,LV,decay
1.17619392,0.21604753,,LV,decay
0.11991323,0.03353536,,LV,decay
1.54292682,0.30287964,,LV,decay
0.43266761,0.0856937,,LV,decay
0.59249478,0.10176567,,LV,decay
1.18398313,0.13588983,,LV,decay
0.16848339,0.01862282,,LV,decay
4.72149772,0.12858381,,LV,decay
0.84033089,0.12009623,,LV,decay
0.1425264,0.01948094,,LV,decay
0.62259211,0.08551065,,LV,decay
1.73407221,0.36323803,,LV,decay
1.31910257,0.25445574,,LV,decay
0.89549582,0.15727283,,LV,decay
1.41671286,0.23105745,,LV,decay
0.62996022,0.05029642,,LV,decay
0.55035786,0.08049055,,LV,decay
0.60026512,0.11767899,,LV,decay
0.45437838,0.07150828,,LV,decay
1.31766802,0.22835751,,LV,decay
1.26479748,0.23605101,,LV,decay
1.53135015,0.22114935,,LV,decay
2.01124238,0.4358198,,LV,decay
2.3185085,0.54548644,,LV,decay
0.141070407,0.0001,,LV,decay
0.10351561,0.04003339,,LV,decay
0.91297461,0.15694856,,LV,decay
1.70353589,0.30686139,,LV,decay
0.65485107,0.10196458,,LV,decay
0.43317698,0.10609182,,LV,decay
0.17214742,0.02037316,,LV,decay
1.10801152,0.29170238,,LV,decay
0.55658193,0.13004663,,LV,decay
0.12497644,0.02667847,,LV,decay
1.23480039,0.28275902,,LV,decay
1.74002217,0.40492066,,LV,decay
1.3342252,0.33256151,,LV,decay
0.41726196,0.07688382,,LV,decay
1.26181582,0.27817579,,LV,decay
0.59110407,0.09523838,,LV,decay
0.45824135,0.06775607,,LV,decay
1.4126415,0.33610761,,LV,decay
3.38948179,0.91756094,,LV,decay
0.15682882,0.02239008,,LV,decay
1.50065092,0.2939081,,LV,decay
0.23922482,0.10745347,,LV,decay
0.4016239,0.12301987,,LV,decay
0.3916037,0.06243761,,LV,decay
0.72330494,0.11561513,,LV,decay
1.95189572,0.37064635,,LV,decay
1.16626292,0.22150763,,LV,decay
0.23860333,0.04395675,,LV,decay
0.26754838,0.10275513,,LV,decay
0.79725758,0.12480478,,LV,decay
0.36621742,0.02312784,,LV,decay
1.10399831,0.22668291,,LV,decay
0.26817903,0.04621335,,LV,decay
0.15195987,0.04805742,,LV,decay
1.13104308,0.1961015,,LV,decay
1.02765129,0.10806392,,LV,decay
1.29350633,0.24684923,,LV,decay
0.41452772,0.05477633,,LV,decay
0.6713444,0.12342372,,LV,decay
0.39061859,0.11285359,,LV,decay
0.87908847,0.14283912,,LV,decay
0.52754249,0.06739344,,LV,decay
1.66808449,0.36530719,,LV,decay
1.59232565,0.40437407,,LV,decay
0.37983487,0.07436382,,LV,decay
0.39427745,0.04881438,,LV,decay
0.77522563,0.05170205,,LV,decay
0.69732351,0.12217666,,LV,decay
0.72198524,0.07838119,,MV,decay
0.33413593,0.08232345,,MV,decay
0.59232625,0.10915981,,MV,decay
0.09069752,0.10324759,,MV,decay
0.66460961,0.18422732,,MV,decay
0.46464838,0.08816995,,MV,decay
2.9094389,0.92464692,,MV,decay
0.78769666,0.1613932,,MV,decay
0.08463773,0.0001,,MV,decay
0.1638804,0.03373844,,MV,decay
0.2931372,0.16948047,,MV,decay
1.22955272,0.22812766,,MV,decay
0.07782981,0.00540758,,MV,decay
0.42261665,0.14426351,,MV,decay
0.6120823,0.12060138,,MV,decay
0.60473244,0.1075371,,MV,decay
0.99380521,0.17784965,,MV,decay
1.71634321,0.44470969,,MV,decay
0.37611447,0.02827393,,MV,decay
4.9999,0.99947574,,MV,decay
0.17951189,0.01332715,,MV,decay
0.20541839,0.0346377,,MV,decay
0.20800088,0.03013196,,MV,decay
0.57406088,0.12025712,,MV,decay
4.9999,0.13364538,,MV,decay
0.84990281,0.20465661,,MV,decay
1.92534292,0.31090129,,MV,decay
0.90407971,0.22194916,,MV,decay
0.22005776,0.01845916,,MV,decay
0.08488887,0.0001,,MV,decay
1.08605539,0.18393074,,MV,decay
1.25006524,0.44194012,,MV,decay
0.105221751,0.0001,,MV,decay
1.29071604,0.28246368,,MV,decay
0.57203068,0.13913974,,MV,decay
2.00594612,0.46503118,,MV,decay
0.92957022,0.22276109,,MV,decay
0.56563439,0.1011132,,MV,decay
1.87049273,0.34668613,,MV,decay
0.09732063,0.0001,,MV,decay
1.02679772,0.18289475,,MV,decay
0.29272268,0.08169396,,MV,decay
0.36248247,0.02762575,,MV,decay
0.09861764,0.00543519,,MV,decay
4.9999,0.97894459,,MV,decay
0.33735179,0.05176435,,MV,decay
0.23183185,0.02979653,,MV,decay
0.98233798,0.18920761,,MV,decay
0.75883039,0.12692028,,MV,decay
0.152819302,0.0001,,MV,decay
0.1763641,0.03476774,,MV,decay
0.07369195,0.0001,,MV,decay
1.07998687,0.32007184,,MV,decay
0.83473796,0.17121182,,MV,decay
1.34205618,0.41446651,,MV,decay
0.97952712,0.26111206,,MV,decay
0.76034299,0.10629274,,MV,decay
0.20601111,0.12248348,,MV,decay
0.20204786,0.14208229,,MV,decay
0.43997184,0.03975999,,MV,decay
0.0895058,0.0001,,MV,decay
0.16353443,0.01901941,,MV,decay
0.30094046,0.05877447,,MV,decay
0.94229046,0.2000796,,MV,decay
1.92265825,0.49600569,,MV,decay
0.68160889,0.0936823,,MV,decay
1.26279867,0.25422865,,MV,decay
1.45940473,0.38737154,,MV,decay
1.99360704,0.3272233,,MV,decay
0.59774467,0.46509193,,MV,decay
4.9999,0.34574325,,MV,decay
1.64629082,0.37734511,,MV,decay
2.22851975,0.59666189,,MV,decay
1.72619654,0.37407198,,MV,decay
1.34957359,0.2717908,,MV,decay
1.08624498,0.2371458,,MV,decay
0.0708278,0.00815696,,MV,decay
0.61541641,0.04079438,,MV,decay
2.11889504,0.50378043,,MV,decay
0.0001,0.9999,,MV,decay
0.57702098,0.18627999,,MV,decay
1.26515429,0.25309889,,MV,decay
0.51751031,0.1348817,,MV,decay
2.4327766,0.65600192,,MV,decay
1.54914272,0.29994435,,MV,decay
0.91867813,0.16906513,,MV,decay
0.30362685,0.06837486,,MV,decay
0.06363544,0.0001,,MV,decay
1.10240604,0.18873413,,MV,decay
0.25773536,0.0716344,,MV,decay
0.45241244,0.09510033,,MV,decay
2.70331072,0.58144085,,MV,decay
0.12592269,0.05492494,,MV,decay
0.62409278,0.14506662,,MV,decay
0.19249986,0.03176865,,MV,decay
0.0893032,0.0001,,MV,decay
1.78274637,0.45471609,,MV,decay
0.78242895,0.18106976,,MV,decay
0.09037081,0.005725,,MV,decay
0.38249181,0.05717841,,MV,decay
0.92887325,0.9999,,HV,delta
0.0001,0.0001,,HV,delta
0.44688007,0.64530529,,HV,delta
0.56936308,0.9999,,HV,delta
0.80639245,0.48388067,,HV,delta
0.91655017,0.9999,,HV,delta
0.9714813,0.9999,,HV,delta
0.1095397,0.9999,,HV,delta
0.0001,0.0001,,HV,delta
2.36917564,0.05254811,,HV,delta
0.22041234,0.45816013,,HV,delta
1.34733118,0.26214594,,HV,delta
1.13620011,0.89982069,,HV,delta
1.40913405,0.31600328,,HV,delta
1.2458091,0.13374774,,HV,delta
0.57075334,0.8335775,,HV,delta
0.0001,0.0001,,HV,delta
0.87003383,0.9999,,HV,delta
0.62219963,0.9999,,HV,delta
2.76927835,0.05904502,,HV,delta
2.49248433,0.013613,,HV,delta
4.9999,0.000596144979,,HV,delta
4.9999,0.00169678762,,HV,delta
0.63192169,0.43067208,,HV,delta
1.53916551,0.049984,,HV,delta
1.3163999,0.73705856,,HV,delta
3.60538909,0.0001,,HV,delta
1.5258886,0.39747838,,HV,delta
1.05148106,0.36152781,,HV,delta
2.19171756,0.03197464,,HV,delta
1.89540734,0.0457625,,HV,delta
1.16717215,0.09635783,,HV,delta
1.33733733,0.73781863,,HV,delta
1.14370407,0.23873787,,HV,delta
1.31647087,0.70846899,,HV,delta
4.9999,0.000635908437,,HV,delta
1.54248685,0.24779967,,HV,delta
4.05579999,0.00257531163,,HV,delta
0.60546887,0.9999,,HV,delta
4.9999,0.000707041605,,HV,delta
1.24831995,0.90738378,,HV,delta
4.9999,0.000595155658,,HV,delta
0.01482782,0.9999,,HV,delta
2.42122043,0.01877458,,HV,delta
0.17834582,0.9999,,HV,delta
1.25712651,0.16639723,,HV,delta
0.86989348,0.9999,,HV,delta
0.26403215,0.9999,,HV,delta
3.2344553,0.06126163,,HV,delta
1.39010533,0.11644022,,HV,delta
3.24200397,0.01594656,,HV,delta
0.05572861,0.9999,,HV,delta
0.0001,0.0001,,HV,delta
2.67534309,0.00860274,,HV,delta
2.43324883,0.01930689,,HV,delta
0.0001,0.0001,,HV,delta
1.38724998,0.59576655,,HV,delta
4.993324,0.0001,,HV,delta
1.56346421,0.81220974,,HV,delta
0.58832105,0.8589594,,HV,delta
2.15711932,0.01044925,,HV,delta
1.57166674,0.16268765,,HV,delta
1.24005842,0.29889334,,HV,delta
1.40227193,0.57726661,,HV,delta
4.75130528,0.00471861635,,HV,delta
4.9999,0.000514433609,,HV,delta
4.9999,0.00125618181,,HV,delta
1.18234318,0.62688728,,HV,delta
1.33948311,0.56788598,,HV,delta
1.43438326,0.90981485,,HV,delta
4.9999,0.000215044311,,HV,delta
4.9999,0.000901384719,,HV,delta
0.0001,0.0001,,HV,delta
4.84336027,0.01035549,,HV,delta
0.56409314,0.9999,,HV,delta
2.72658006,0.13159258,,HV,delta
0.91980598,0.06420241,,HV,delta
4.9999,0.000694891971,,HV,delta
0.76379579,0.65782611,,HV,delta
0.20797237,0.90711289,,HV,delta
0.23233983,0.9999,,HV,delta
0.35254759,0.44127572,,HV,delta
0.86935444,0.99232615,,HV,delta
1.65289051,0.34858333,,HV,delta
1.19574586,0.01257264,,HV,delta
4.9999,0.00133162596,,HV,delta
0.46437406,0.9999,,HV,delta
0.6287038,0.4114491,,HV,delta
1.71349205,0.03372856,,HV,delta
4.9999,0.00122854805,,HV,delta
0.54477493,0.90860895,,HV,delta
3.39568994,0.08892808,,HV,delta
1.64769165,0.02597117,,HV,delta
1.27704354,0.57020473,,HV,delta
0.74774593,0.08156254,,HV,delta
1.40272171,0.02905279,,HV,delta
0.62107035,0.72319506,,HV,delta
1.48786076,0.0426362,,HV,delta
0.83614791,0.21951578,,HV,delta
1.67693104,0.38720138,,HV,delta
2.30871118,0.09293597,,LV,delta
1.33374903,0.83594784,,LV,delta
2.37931135,0.04716963,,LV,delta
1.96403427,0.10559155,,LV,delta
2.17650566,0.29387077,,LV,delta
2.17338546,0.3724634,,LV,delta
1.9488991,0.38376319,,LV,delta
4.9999,0.00107580526,,LV,delta
2.16086219,0.9999,,LV,delta
1.94204733,0.15644018,,LV,delta
3.07006786,0.0306408,,LV,delta
1.88514229,0.4683306,,LV,delta
2.50756873,0.31594526,,LV,delta
1.82560594,0.9999,,LV,delta
2.30272801,0.03402965,,LV,delta
2.36468843,0.39890366,,LV,delta
1.97370312,0.77528864,,LV,delta
4.9999,0.00416372521,,LV,delta
1.37382852,0.05407901,,LV,delta
1.2776178,0.06528621,,LV,delta
4.9999,0.00148123068,,LV,delta
2.69029227,0.07906093,,LV,delta
1.7027106,0.02962261,,LV,delta
2.51668369,0.22040306,,LV,delta
1.46994336,0.76741456,,LV,delta
2.42299363,0.31214553,,LV,delta
3.80193199,0.0315992,,LV,delta
4.9999,0.00123568605,,LV,delta
0.9938209,0.12341629,,LV,delta
2.3525509,0.40344851,,LV,delta
1.47699044,0.9999,,LV,delta
2.16536906,0.40738537,,LV,delta
2.85630498,0.03950836,,LV,delta
2.52203218,0.1600426,,LV,delta
2.33230463,0.48536303,,LV,delta
2.6085731,0.66379901,,LV,delta
4.9999,0.00318370395,,LV,delta
4.9999,0.00123595559,,LV,delta
1.5042366,0.92026856,,LV,delta
2.90000518,0.02574653,,LV,delta
2.61762984,0.18807597,,LV,delta
2.2945806,0.22954931,,LV,delta
3.31753799,0.02265182,,LV,delta
2.64272472,0.3240067,,LV,delta
4.9999,0.00278092604,,LV,delta
4.9999,0.00179568494,,LV,delta
1.9729892,0.07859364,,LV,delta
2.02385866,0.80943249,,LV,delta
2.50752661,0.13578487,,LV,delta
1.89760042,0.79885432,,LV,delta
1.6325077,0.97080267,,LV,delta
4.98734003,0.00117592047,,LV,delta
2.17813216,0.04695424,,LV,delta
1.86762071,0.21446294,,LV,delta
4.9999,0.000354559099,,LV,delta
2.26334535,0.19933421,,LV,delta
2.39755903,0.09634242,,LV,delta
1.44202335,0.69318477,,LV,delta
1.71861978,0.9999,,LV,delta
1.84949212,0.9999,,LV,delta
0.0001,0.0001,,LV,delta
4.9999,0.00103572872,,LV,delta
1.94634158,0.48502858,,LV,delta
1.91757199,0.14435923,,LV,delta
1.46876768,0.9999,,LV,delta
2.31660941,0.1849886,,LV,delta
0.0001,0.0001,,LV,delta
4.9999,0.000243107453,,LV,delta
4.9999,0.00100657334,,LV,delta
2.14448613,0.61143631,,LV,delta
3.17716879,0.03429558,,LV,delta
2.62966315,0.0577115,,LV,delta
1.28085861,0.5175797,,LV,delta
1.87503978,0.1268824,,LV,delta
2.40491261,0.82637431,,LV,delta
4.9999,0.00568732,,LV,delta
2.58673961,0.02667771,,LV,delta
1.7485821,0.9999,,LV,delta
1.17295893,0.1598516,,LV,delta
2.40617542,0.21499264,,LV,delta
4.9999,0.00278248004,,LV,delta
2.27756329,0.66559743,,LV,delta
1.85354909,0.71453219,,LV,delta
1.89828183,0.28011071,,LV,delta
1.33134044,0.9999,,LV,delta
3.53801387,0.01179576,,LV,delta
0.0001,0.0001,,LV,delta
2.27890501,0.28207867,,LV,delta
1.71505364,0.49320341,,LV,delta
2.7262521,0.01559723,,LV,delta
2.10610605,0.9999,,LV,delta
2.64840649,0.9999,,LV,delta
3.37449707,0.00875811,,LV,delta
4.9999,0.00213183342,,MV,delta
1.4297115,0.18529084,,MV,delta
1.72352451,0.26374576,,MV,delta
0.6782545,0.31889144,,MV,delta
1.74898973,0.56264807,,MV,delta
1.75877162,0.24699979,,MV,delta
1.50615329,0.06523919,,MV,delta
2.23599495,0.06864947,,MV,delta
4.9999,0.00094248254,,MV,delta
2.14161996,0.04193537,,MV,delta
0.69205552,0.80458613,,MV,delta
3.05373072,0.01583641,,MV,delta
1.31795265,0.98631214,,MV,delta
1.01916814,0.54154851,,MV,delta
2.69062808,0.01925967,,MV,delta
1.58683334,0.96982138,,MV,delta
3.43982013,0.00849034,,MV,delta
1.93749111,0.26718325,,MV,delta
4.9999,0.00203733953,,MV,delta
0.0001,0.0001,,MV,delta
4.9999,0.00184196743,,MV,delta
2.46032304,0.05914499,,MV,delta
2.84121452,0.01494969,,MV,delta
1.60166034,0.42532515,,MV,delta
4.9999,0.00386688605,,MV,delta
1.12125407,0.9999,,MV,delta
4.9999,0.01314949,,MV,delta
1.18787184,0.76532353,,MV,delta
4.9999,0.00165403646,,MV,delta
1.4651278,0.08465402,,MV,delta
3.05574107,0.02436487,,MV,delta
1.27556187,0.4704743,,MV,delta
4.9999,0.000837389565,,MV,delta
1.92077065,0.0433849,,MV,delta
4.9999,0.0010793702,,MV,delta
2.5762761,0.04171189,,MV,delta
1.29283896,0.4133912,,MV,delta
2.31655122,0.05011766,,MV,delta
2.13266728,0.49900165,,MV,delta
4.9999,0.000986221965,,MV,delta
2.1127479,0.39339557,,MV,delta
1.2557781,0.43963183,,MV,delta
4.9999,0.00235619131,,MV,delta
4.9999,0.000838300847,,MV,delta
1.88459766,0.21658049,,MV,delta
4.9999,0.000964445613,,MV,delta
1.60425762,0.9999,,MV,delta
2.27837504,0.06101161,,MV,delta
3.49966538,0.0089913,,MV,delta
1.35187009,0.9999,,MV,delta
1.6391193,0.31410588,,MV,delta
1.49302877,0.27100547,,MV,delta
1.37503663,0.73573036,,MV,delta
1.75722458,0.51716896,,MV,delta
4.9999,0.000436244596,,MV,delta
1.34922196,0.1256048,,MV,delta
2.26821277,0.75844916,,MV,delta
1.38236438,0.9999,,MV,delta
0.73402128,0.43810765,,MV,delta
1.84473133,0.9999,,MV,delta
1.59714724,0.89053085,,MV,delta
4.14690718,0.00272201768,,MV,delta
0.06249529,0.9999,,MV,delta
2.50377126,0.02563191,,MV,delta
1.89716118,0.28694715,,MV,delta
4.9999,0.00127834933,,MV,delta
1.86906873,0.81450947,,MV,delta
1.53075591,0.46695887,,MV,delta
2.23586313,0.65773837,,MV,delta
0.1899934,0.9999,,MV,delta
4.56816782,0.01019721,,MV,delta
1.81842515,0.44524094,,MV,delta
1.9875668,0.13036026,,MV,delta
2.14884277,0.07408355,,MV,delta
1.92416563,0.50497623,,MV,delta
2.14044542,0.08770716,,MV,delta
4.9999,0.000385463601,,MV,delta
2.1595896,0.9999,,MV,delta
2.68579446,0.07596806,,MV,delta
0.0001,0.0001,,MV,delta
0.0001,0.0001,,MV,delta
1.9141806,0.46837181,,MV,delta
1.54342269,0.70212719,,MV,delta
2.20912833,0.19218094,,MV,delta
3.14793097,0.02541837,,MV,delta
2.91696977,0.02594365,,MV,delta
1.46598428,0.51191469,,MV,delta
4.9999,0.000571027858,,MV,delta
2.66790577,0.08925072,,MV,delta
1.26222737,0.9999,,MV,delta
1.81911711,0.87931265,,MV,delta
2.49719342,0.20150542,,MV,delta
0.7866734,0.9999,,MV,delta
1.95392454,0.0882507,,MV,delta
1.74622039,0.25839386,,MV,delta
2.00555522,0.24694812,,MV,delta
2.20259766,0.31301071,,MV,delta
1.97762188,0.08108615,,MV,delta
1.59704429,0.22736128,,MV,delta
1.68134041,0.86717334,,MV,delta
1.24959998,,,HV,Dir
0.47166791,,,HV,Dir
1.60814073,,,HV,Dir
1.02045808,,,HV,Dir
0.76635555,,,HV,Dir
1.13849943,,,HV,Dir
1.20755285,,,HV,Dir
0.57980868,,,HV,Dir
0.59959984,,,HV,Dir
1.6797777,,,HV,Dir
0.03972998,,,HV,Dir
0.83582763,,,HV,Dir
1.72960202,,,HV,Dir
1.31364896,,,HV,Dir
1.34828823,,,HV,Dir
0.40316819,,,HV,Dir
0.70192623,,,HV,Dir
1.4405657,,,HV,Dir
0.75448962,,,HV,Dir
1.79686689,,,HV,Dir
1.51531443,,,HV,Dir
1.82504468,,,HV,Dir
1.95505283,,,HV,Dir
0.05586606,,,HV,Dir
1.0498077,,,HV,Dir
1.56160843,,,HV,Dir
0.01699657,,,HV,Dir
1.55660822,,,HV,Dir
1.22329908,,,HV,Dir
1.31569832,,,HV,Dir
1.20108677,,,HV,Dir
1.3532817,,,HV,Dir
1.08268348,,,HV,Dir
1.27396184,,,HV,Dir
1.50375741,,,HV,Dir
2.0377726,,,HV,Dir
1.50471901,,,HV,Dir
1.94316725,,,HV,Dir
0.49506736,,,HV,Dir
1.52236485,,,HV,Dir
1.68912814,,,HV,Dir
1.67470469,,,HV,Dir
0.62281336,,,HV,Dir
1.18470253,,,HV,Dir
0.4888942,,,HV,Dir
1.35539399,,,HV,Dir
1.21856677,,,HV,Dir
0.90819116,,,HV,Dir
1.7701295,,,HV,Dir
1.37852211,,,HV,Dir
1.59758808,,,HV,Dir
0.21555744,,,HV,Dir
0.60653997,,,HV,Dir
1.48440625,,,HV,Dir
1.66595363,,,HV,Dir
0.002295,,,HV,Dir
1.59113552,,,HV,Dir
0.13118182,,,HV,Dir
1.56289136,,,HV,Dir
0.5688108,,,HV,Dir
1.12293012,,,HV,Dir
1.52419129,,,HV,Dir
1.5737453,,,HV,Dir
1.49193415,,,HV,Dir
2.09673315,,,HV,Dir
1.68851265,,,HV,Dir
2.03491681,,,HV,Dir
1.61799711,,,HV,Dir
1.75248766,,,HV,Dir
1.57121101,,,HV,Dir
1.14878071,,,HV,Dir
1.65712324,,,HV,Dir
0.13100108,,,HV,Dir
2.42332438,,,HV,Dir
1.08268137,,,HV,Dir
1.6374202,,,HV,Dir
0.71919156,,,HV,Dir
1.59238403,,,HV,Dir
1.22650809,,,HV,Dir
0.0237854,,,HV,Dir
0.22676301,,,HV,Dir
0.14106862,,,HV,Dir
1.04652919,,,HV,Dir
1.52128438,,,HV,Dir
0.06499135,,,HV,Dir
2.00348249,,,HV,Dir
0.84643216,,,HV,Dir
0.98731023,,,HV,Dir
1.47193316,,,HV,Dir
1.86447721,,,HV,Dir
0.11064629,,,HV,Dir
1.82320119,,,HV,Dir
1.03839395,,,HV,Dir
1.8282842,,,HV,Dir
0.698451,,,HV,Dir
1.03600506,,,HV,Dir
1.27697658,,,HV,Dir
1.01434834,,,HV,Dir
1.29989841,,,HV,Dir
1.79986812,,,HV,Dir
1.69083459,,,LV,Dir
1.36047382,,,LV,Dir
1.67067246,,,LV,Dir
1.40273584,,,LV,Dir
1.51387039,,,LV,Dir
1.63663267,,,LV,Dir
1.73007153,,,LV,Dir
1.71884227,,,LV,Dir
2.09450365,,,LV,Dir
1.34108735,,,LV,Dir
1.98654501,,,LV,Dir
1.54964714,,,LV,Dir
1.59632075,,,LV,Dir
1.3577429,,,LV,Dir
1.33750792,,,LV,Dir
1.6647871,,,LV,Dir
1.70509975,,,LV,Dir
2.57325225,,,LV,Dir
0.92545981,,,LV,Dir
0.43825829,,,LV,Dir
1.719093,,,LV,Dir
1.62221283,,,LV,Dir
0.79987899,,,LV,Dir
1.90737389,,,LV,Dir
1.43277124,,,LV,Dir
1.75704397,,,LV,Dir
1.84380805,,,LV,Dir
1.60487366,,,LV,Dir
4.83446299,,,LV,Dir
1.94281355,,,LV,Dir
1.4054052,,,LV,Dir
1.92082605,,,LV,Dir
1.80425924,,,LV,Dir
1.78923724,,,LV,Dir
1.54323467,,,LV,Dir
1.74290148,,,LV,Dir
2.31135721,,,LV,Dir
1.80940822,,,LV,Dir
1.16621187,,,LV,Dir
1.68160162,,,LV,Dir
1.87325862,,,LV,Dir
1.71634182,,,LV,Dir
2.14233443,,,LV,Dir
1.54828387,,,LV,Dir
1.84515783,,,LV,Dir
1.89979868,,,LV,Dir
1.16764687,,,LV,Dir
1.62701869,,,LV,Dir
1.74616516,,,LV,Dir
1.52429568,,,LV,Dir
1.42414504,,,LV,Dir
1.64190059,,,LV,Dir
1.27964803,,,LV,Dir
1.50044282,,,LV,Dir
1.0733605,,,LV,Dir
1.75003596,,,LV,Dir
1.53825034,,,LV,Dir
0.9451038,,,LV,Dir
1.49512897,,,LV,Dir
1.63093857,,,LV,Dir
0.90308767,,,LV,Dir
1.74383374,,,LV,Dir
1.42236087,,,LV,Dir
1.18692833,,,LV,Dir
1.34968804,,,LV,Dir
1.75904968,,,LV,Dir
0.40907827,,,LV,Dir
0.89650812,,,LV,Dir
1.64929981,,,LV,Dir
1.68703642,,,LV,Dir
1.74840195,,,LV,Dir
1.48565609,,,LV,Dir
1.07868767,,,LV,Dir
1.26092991,,,LV,Dir
1.77718407,,,LV,Dir
2.21578185,,,LV,Dir
1.54964427,,,LV,Dir
1.43359801,,,LV,Dir
0.97454025,,,LV,Dir
1.811044,,,LV,Dir
2.29393366,,,LV,Dir
1.80321622,,,LV,Dir
1.836265,,,LV,Dir
1.64395797,,,LV,Dir
1.17549723,,,LV,Dir
1.63417943,,,LV,Dir
1.13422631,,,LV,Dir
1.49410868,,,LV,Dir
1.34716906,,,LV,Dir
1.38341335,,,LV,Dir
1.87324414,,,LV,Dir
2.32480776,,,LV,Dir
1.73405915,,,LV,Dir
2.11669559,,,MV,Dir
1.11903045,,,MV,Dir
1.58967526,,,MV,Dir
0.31867055,,,MV,Dir
1.35360969,,,MV,Dir
1.46788295,,,MV,Dir
0.97503749,,,MV,Dir
1.70592415,,,MV,Dir
1.80247201,,,MV,Dir
1.33222803,,,MV,Dir
0.57518161,,,MV,Dir
1.79885852,,,MV,Dir
1.41453816,,,MV,Dir
0.8549025,,,MV,Dir
1.7260928,,,MV,Dir
1.63592084,,,MV,Dir
1.65707492,,,MV,Dir
1.38449376,,,MV,Dir
2.13330041,,,MV,Dir
0.05540955,,,MV,Dir
1.75162927,,,MV,Dir
1.55665581,,,MV,Dir
1.64045774,,,MV,Dir
1.40465863,,,MV,Dir
4.38318257,,,MV,Dir
1.3599842,,,MV,Dir
1.88723412,,,MV,Dir
1.15212745,,,MV,Dir
1.83828688,,,MV,Dir
1.65425422,,,MV,Dir
1.73681803,,,MV,Dir
1.13087778,,,MV,Dir
1.70768934,,,MV,Dir
1.18324114,,,MV,Dir
1.52405208,,,MV,Dir
1.5693377,,,MV,Dir
1.20681201,,,MV,Dir
1.53218093,,,MV,Dir
1.5570529,,,MV,Dir
1.58687187,,,MV,Dir
1.73975955,,,MV,Dir
1.09250425,,,MV,Dir
2.03433304,,,MV,Dir
1.57077227,,,MV,Dir
1.22089813,,,MV,Dir
1.72938671,,,MV,Dir
1.79092106,,,MV,Dir
1.66894521,,,MV,Dir
1.83175423,,,MV,Dir
2.22106032,,,MV,Dir
1.48342491,,,MV,Dir
1.78435256,,,MV,Dir
1.50312325,,,MV,Dir
1.31618609,,,MV,Dir
1.20681125,,,MV,Dir
1.10721361,,,MV,Dir
1.6622207,,,MV,Dir
0.70446938,,,MV,Dir
0.7768177,,,MV,Dir
2.18627266,,,MV,Dir
1.66731832,,,MV,Dir
1.73027875,,,MV,Dir
1.42615743,,,MV,Dir
1.50302002,,,MV,Dir
1.46574974,,,MV,Dir
1.83941611,,,MV,Dir
1.50515187,,,MV,Dir
1.41374388,,,MV,Dir
1.75379407,,,MV,Dir
0.03577737,,,MV,Dir
2.18387433,,,MV,Dir
1.50926884,,,MV,Dir
1.36571481,,,MV,Dir
1.38530881,,,MV,Dir
1.53464767,,,MV,Dir
1.51492596,,,MV,Dir
1.18230646,,,MV,Dir
2.32784191,,,MV,Dir
1.80817113,,,MV,Dir
0.0356141,,,MV,Dir
0.81160808,,,MV,Dir
1.54468668,,,MV,Dir
1.41346484,,,MV,Dir
1.48800412,,,MV,Dir
1.85947824,,,MV,Dir
1.62107836,,,MV,Dir
1.29972312,,,MV,Dir
1.33336688,,,MV,Dir
1.96731345,,,MV,Dir
1.13490019,,,MV,Dir
1.44439807,,,MV,Dir
1.89180112,,,MV,Dir
0.66596989,,,MV,Dir
1.44113334,,,MV,Dir
1.46110775,,,MV,Dir
1.61160578,,,MV,Dir
1.66829197,,,MV,Dir
1.49539555,,,MV,Dir
1.5382406,,,MV,Dir
1.72900708,,,MV,Dir
1.31315705,,,HV,Dual
1.17960402,,,HV,Dual
2.07045135,,,HV,Dual
2.06904514,,,HV,Dual
1.16468293,,,HV,Dual
1.284288,,,HV,Dual
1.26864956,,,HV,Dual
1.12315647,,,HV,Dual
1.04954494,,,HV,Dual
2.24057107,,,HV,Dual
1.15679342,,,HV,Dual
1.34480168,,,HV,Dual
2.02497606,,,HV,Dual
1.48115201,,,HV,Dual
1.49054008,,,HV,Dual
0.99655968,,,HV,Dual
1.58457233,,,HV,Dual
1.55052586,,,HV,Dual
1.02951218,,,HV,Dual
2.65770193,,,HV,Dual
1.59702963,,,HV,Dual
1.78556501,,,HV,Dual
1.79858157,,,HV,Dual
1.20727293,,,HV,Dual
1.43332381,,,HV,Dual
1.69143126,,,HV,Dual
1.17646356,,,HV,Dual
1.7089819,,,HV,Dual
1.29867319,,,HV,Dual
1.57875342,,,HV,Dual
1.64660881,,,HV,Dual
1.4362529,,,HV,Dual
1.35768887,,,HV,Dual
1.4265627,,,HV,Dual
1.44891936,,,HV,Dual
1.80376872,,,HV,Dual
1.44334184,,,HV,Dual
1.97934502,,,HV,Dual
1.15506242,,,HV,Dual
1.63659807,,,HV,Dual
1.94605633,,,HV,Dual
1.99540202,,,HV,Dual
1.69357249,,,HV,Dual
1.70403566,,,HV,Dual
1.0474424,,,HV,Dual
1.46950768,,,HV,Dual
1.36396571,,,HV,Dual
1.29109521,,,HV,Dual
2.56012397,,,HV,Dual
1.48522466,,,HV,Dual
2.01338712,,,HV,Dual
1.1870648,,,HV,Dual
0.93561983,,,HV,Dual
1.54568786,,,HV,Dual
1.67485541,,,HV,Dual
0.90063659,,,HV,Dual
1.8374154,,,HV,Dual
2.01788946,,,HV,Dual
1.97948738,,,HV,Dual
1.27407243,,,HV,Dual
1.29135413,,,HV,Dual
1.72069193,,,HV,Dual
1.78642669,,,HV,Dual
1.47216467,,,HV,Dual
1.7990689,,,HV,Dual
2.10179676,,,HV,Dual
1.88701052,,,HV,Dual
1.54214329,,,HV,Dual
1.59761286,,,HV,Dual
1.57422983,,,HV,Dual
1.70342887,,,HV,Dual
2.23541064,,,HV,Dual
1.31800235,,,HV,Dual
2.29370756,,,HV,Dual
1.5759868,,,HV,Dual
2.89454581,,,HV,Dual
1.3092127,,,HV,Dual
1.66865079,,,HV,Dual
1.62265779,,,HV,Dual
1.09499928,,,HV,Dual
1.60611122,,,HV,Dual
1.19542584,,,HV,Dual
1.47330036,,,HV,Dual
1.55218344,,,HV,Dual
1.59909458,,,HV,Dual
2.16144199,,,HV,Dual
1.56584199,,,HV,Dual
1.19684231,,,HV,Dual
1.33866782,,,HV,Dual
2.1240992,,,HV,Dual
1.02370599,,,HV,Dual
2.29816283,,,HV,Dual
1.59772949,,,HV,Dual
1.90019282,,,HV,Dual
1.51272835,,,HV,Dual
1.52288322,,,HV,Dual
1.62678109,,,HV,Dual
1.29138146,,,HV,Dual
1.34474886,,,HV,Dual
1.87148478,,,HV,Dual
1.91664069,,,LV,Dual
1.45099283,,,LV,Dual
1.80616283,,,LV,Dual
1.73953297,,,LV,Dual
1.9635011,,,LV,Dual
1.90094881,,,LV,Dual
1.81680226,,,LV,Dual
1.94855825,,,LV,Dual
2.13700395,,,LV,Dual
1.71773618,,,LV,Dual
2.20901947,,,LV,Dual
1.81262141,,,LV,Dual
1.8269744,,,LV,Dual
1.69464925,,,LV,Dual
1.58894575,,,LV,Dual
2.05135666,,,LV,Dual
2.01938068,,,LV,Dual
2.784938,,,LV,Dual
1.22676419,,,LV,Dual
1.29275729,,,LV,Dual
1.81268016,,,LV,Dual
1.97529415,,,LV,Dual
1.32744409,,,LV,Dual
2.16549332,,,LV,Dual
1.54983269,,,LV,Dual
2.05244023,,,LV,Dual
2.5104437,,,LV,Dual
1.78467568,,,LV,Dual
4.63835105,,,LV,Dual
2.20307851,,,LV,Dual
1.58359666,,,LV,Dual
2.16066362,,,LV,Dual
2.08528682,,,LV,Dual
2.05099137,,,LV,Dual
2.18936061,,,LV,Dual
2.20111912,,,LV,Dual
2.28419758,,,LV,Dual
1.89888756,,,LV,Dual
1.62497532,,,LV,Dual
1.89286687,,,LV,Dual
2.01722485,,,LV,Dual
1.99191821,,,LV,Dual
2.72575173,,,LV,Dual
1.94240042,,,LV,Dual
2.14519224,,,LV,Dual
2.01919403,,,LV,Dual
1.48003483,,,LV,Dual
1.94403363,,,LV,Dual
2.01079826,,,LV,Dual
1.82946519,,,LV,Dual
1.68617176,,,LV,Dual
1.7933736,,,LV,Dual
1.60574797,,,LV,Dual
1.72638364,,,LV,Dual
1.43888927,,,LV,Dual
1.91964402,,,LV,Dual
1.83044827,,,LV,Dual
1.62812122,,,LV,Dual
1.79869447,,,LV,Dual
1.81161691,,,LV,Dual
0.99089284,,,LV,Dual
1.84985165,,,LV,Dual
1.83337376,,,LV,Dual
1.46103243,,,LV,Dual
1.6831353,,,LV,Dual
2.03305433,,,LV,Dual
1.26302827,,,LV,Dual
1.07453224,,,LV,Dual
1.73116086,,,LV,Dual
2.15281201,,,LV,Dual
2.21737173,,,LV,Dual
1.99562416,,,LV,Dual
1.41425954,,,LV,Dual
1.45475861,,,LV,Dual
1.94036771,,,LV,Dual
2.5019997,,,LV,Dual
1.67460844,,,LV,Dual
1.77521223,,,LV,Dual
1.15895088,,,LV,Dual
1.98690454,,,LV,Dual
3.08148551,,,LV,Dual
2.08010147,,,LV,Dual
2.03252,,,LV,Dual
1.914083,,,LV,Dual
1.42977564,,,LV,Dual
1.90321501,,,LV,Dual
2.25316173,,,LV,Dual
1.89089335,,,LV,Dual
1.73866147,,,LV,Dual
1.57986002,,,LV,Dual
1.9649535,,,LV,Dual
2.58383457,,,LV,Dual
1.77025259,,,LV,Dual
2.25994752,,,MV,Dual
1.67695347,,,MV,Dual
1.63415497,,,MV,Dual
1.34884943,,,MV,Dual
1.78668454,,,MV,Dual
1.65910505,,,MV,Dual
1.43861781,,,MV,Dual
1.76925174,,,MV,Dual
1.89527152,,,MV,Dual
1.57557593,,,MV,Dual
1.16694076,,,MV,Dual
1.88826557,,,MV,Dual
1.74253778,,,MV,Dual
1.15352286,,,MV,Dual
1.94614581,,,MV,Dual
1.85815903,,,MV,Dual
1.7335779,,,MV,Dual
1.67117483,,,MV,Dual
2.36235681,,,MV,Dual
1.41826125,,,MV,Dual
1.89416164,,,MV,Dual
1.90821276,,,MV,Dual
1.81904314,,,MV,Dual
1.53049958,,,MV,Dual
4.9999,,,MV,Dual
1.48617539,,,MV,Dual
2.40332938,,,MV,Dual
1.59375476,,,MV,Dual
1.7659454,,,MV,Dual
2.13011826,,,MV,Dual
2.12270284,,,MV,Dual
1.27554521,,,MV,Dual
1.80375609,,,MV,Dual
1.63222655,,,MV,Dual
1.78769963,,,MV,Dual
1.7231093,,,MV,Dual
1.73610632,,,MV,Dual
1.82305373,,,MV,Dual
2.0000661,,,MV,Dual
1.71768959,,,MV,Dual
2.08474285,,,MV,Dual
1.56668675,,,MV,Dual
2.09393322,,,MV,Dual
1.70166776,,,MV,Dual
1.59830639,,,MV,Dual
1.81543761,,,MV,Dual
1.94357671,,,MV,Dual
1.85778571,,,MV,Dual
1.85074748,,,MV,Dual
2.29590607,,,MV,Dual
1.71888174,,,MV,Dual
2.01496356,,,MV,Dual
1.57031504,,,MV,Dual
1.86174411,,,MV,Dual
1.55868484,,,MV,Dual
1.3502743,,,MV,Dual
2.08618066,,,MV,Dual
1.58736283,,,MV,Dual
1.36876864,,,MV,Dual
2.41407029,,,MV,Dual
1.75867215,,,MV,Dual
1.7738593,,,MV,Dual
1.87211588,,,MV,Dual
1.69493548,,,MV,Dual
1.81770039,,,MV,Dual
1.95784744,,,MV,Dual
1.78638455,,,MV,Dual
1.39567552,,,MV,Dual
2.15803523,,,MV,Dual
1.33093305,,,MV,Dual
4.96396191,,,MV,Dual
1.68565072,,,MV,Dual
1.61630644,,,MV,Dual
1.84617334,,,MV,Dual
1.81928788,,,MV,Dual
1.77755145,,,MV,Dual
1.44383849,,,MV,Dual
3.13618938,,,MV,Dual
2.14689039,,,MV,Dual
0.68934166,,,MV,Dual
1.60195083,,,MV,Dual
1.86581102,,,MV,Dual
1.78484129,,,MV,Dual
1.85483183,,,MV,Dual
2.30981871,,,MV,Dual
1.95563495,,,MV,Dual
1.73839306,,,MV,Dual
1.54413348,,,MV,Dual
2.4211397,,,MV,Dual
1.22084906,,,MV,Dual
1.6472149,,,MV,Dual
2.0150858,,,MV,Dual
1.03322872,,,MV,Dual
1.60073259,,,MV,Dual
1.69795922,,,MV,Dual
1.93368068,,,MV,Dual
2.02141482,,,MV,Dual
1.63900745,,,MV,Dual
1.84535439,,,MV,Dual
2.08287705,,,MV,Dual
1.17663912,,,HV,Gau
0.01217718,,,HV,Gau
0.14513537,,,HV,Gau
1.01864531,,,HV,Gau
0.75510565,,,HV,Gau
0.97831915,,,HV,Gau
1.01943198,,,HV,Gau
0.06477837,,,HV,Gau
0.11183663,,,HV,Gau
1.35713503,,,HV,Gau
0.09864975,,,HV,Gau
1.11192775,,,HV,Gau
1.72631905,,,HV,Gau
1.23235599,,,HV,Gau
1.15358661,,,HV,Gau
0.20644756,,,HV,Gau
0.00734089,,,HV,Gau
0.9912458,,,HV,Gau
0.10206657,,,HV,Gau
1.72227163,,,HV,Gau
1.25460311,,,HV,Gau
0.88211194,,,HV,Gau
1.52017574,,,HV,Gau
0.12550721,,,HV,Gau
1.17188693,,,HV,Gau
1.27829389,,,HV,Gau
0.11341907,,,HV,Gau
1.6081934,,,HV,Gau
0.7761192,,,HV,Gau
1.43311316,,,HV,Gau
1.44436837,,,HV,Gau
1.13388838,,,HV,Gau
1.09062576,,,HV,Gau
0.94465324,,,HV,Gau
1.36994426,,,HV,Gau
1.46808283,,,HV,Gau
1.20170159,,,HV,Gau
2.0687758,,,HV,Gau
0.49681834,,,HV,Gau
1.45282786,,,HV,Gau
1.47926327,,,HV,Gau
1.38756926,,,HV,Gau
0.05806806,,,HV,Gau
1.53661853,,,HV,Gau
0.32660282,,,HV,Gau
1.14925432,,,HV,Gau
0.30196077,,,HV,Gau
0.52098017,,,HV,Gau
2.16002955,,,HV,Gau
1.18088288,,,HV,Gau
1.57635086,,,HV,Gau
0.05582373,,,HV,Gau
0.07698625,,,HV,Gau
1.38669887,,,HV,Gau
1.2475722,,,HV,Gau
0.00365322,,,HV,Gau
1.52787264,,,HV,Gau
0.21428624,,,HV,Gau
1.4257524,,,HV,Gau
0.62088242,,,HV,Gau
1.01214236,,,HV,Gau
1.38052467,,,HV,Gau
1.17243348,,,HV,Gau
1.31645195,,,HV,Gau
1.16536143,,,HV,Gau
0.50616656,,,HV,Gau
1.5367965,,,HV,Gau
1.28777624,,,HV,Gau
1.39711464,,,HV,Gau
1.22742499,,,HV,Gau
0.00594398,,,HV,Gau
1.12900196,,,HV,Gau
0.01413182,,,HV,Gau
2.00444747,,,HV,Gau
1.13034388,,,HV,Gau
2.43086069,,,HV,Gau
0.75434363,,,HV,Gau
1.42859346,,,HV,Gau
1.10636377,,,HV,Gau
0.08519144,,,HV,Gau
0.37154091,,,HV,Gau
0.03308016,,,HV,Gau
1.03452341,,,HV,Gau
1.31451239,,,HV,Gau
0.40234604,,,HV,Gau
1.72963054,,,HV,Gau
0.3447787,,,HV,Gau
0.73248717,,,HV,Gau
1.17184903,,,HV,Gau
1.50691921,,,HV,Gau
0.57255174,,,HV,Gau
2.44324695,,,HV,Gau
1.00514161,,,HV,Gau
1.22758019,,,HV,Gau
0.81813133,,,HV,Gau
0.85490855,,,HV,Gau
0.32997819,,,HV,Gau
1.17251149,,,HV,Gau
0.86975798,,,HV,Gau
1.63873334,,,HV,Gau
1.80759968,,,LV,Gau
1.33710897,,,LV,Gau
1.86649859,,,LV,Gau
1.71563321,,,LV,Gau
2.01712883,,,LV,Gau
2.03653776,,,LV,Gau
1.7355731,,,LV,Gau
1.86246255,,,LV,Gau
1.93197109,,,LV,Gau
1.70958846,,,LV,Gau
2.36355837,,,LV,Gau
1.94601446,,,LV,Gau
1.95102467,,,LV,Gau
1.64013803,,,LV,Gau
1.55693356,,,LV,Gau
2.18464596,,,LV,Gau
2.10721797,,,LV,Gau
2.033031,,,LV,Gau
1.03318755,,,LV,Gau
0.82588735,,,LV,Gau
1.73103432,,,LV,Gau
1.84170085,,,LV,Gau
0.94731243,,,LV,Gau
1.71695434,,,LV,Gau
1.40547705,,,LV,Gau
2.16220364,,,LV,Gau
2.28009395,,,LV,Gau
1.66949758,,,LV,Gau
0.93456621,,,LV,Gau
2.03885669,,,LV,Gau
1.46576425,,,LV,Gau
2.12011364,,,LV,Gau
2.23286413,,,LV,Gau
1.99709192,,,LV,Gau
2.26294748,,,LV,Gau
2.45732657,,,LV,Gau
1.69369983,,,LV,Gau
1.97258916,,,LV,Gau
1.52624655,,,LV,Gau
1.85809244,,,LV,Gau
2.19873887,,,LV,Gau
1.97034384,,,LV,Gau
2.60547578,,,LV,Gau
1.95157656,,,LV,Gau
2.15259903,,,LV,Gau
1.7575445,,,LV,Gau
1.35286573,,,LV,Gau
1.89798007,,,LV,Gau
1.91956795,,,LV,Gau
1.73764358,,,LV,Gau
1.49379108,,,LV,Gau
1.71388111,,,LV,Gau
1.59751039,,,LV,Gau
1.66990877,,,LV,Gau
1.02926743,,,LV,Gau
1.84637385,,,LV,Gau
1.73945388,,,LV,Gau
1.4886345,,,LV,Gau
1.76177565,,,LV,Gau
1.76887027,,,LV,Gau
0.33551408,,,LV,Gau
1.56375354,,,LV,Gau
1.75876495,,,LV,Gau
1.48749994,,,LV,Gau
1.56077581,,,LV,Gau
2.12398004,,,LV,Gau
0.00607241,,,LV,Gau
0.63869732,,,LV,Gau
1.5611572,,,LV,Gau
2.17054785,,,LV,Gau
1.79279605,,,LV,Gau
2.0282075,,,LV,Gau
1.09634279,,,LV,Gau
1.42820384,,,LV,Gau
2.12843753,,,LV,Gau
2.17031528,,,LV,Gau
1.65407266,,,LV,Gau
1.67365723,,,LV,Gau
0.95988487,,,LV,Gau
2.17912573,,,LV,Gau
2.5456671,,,LV,Gau
2.24021539,,,LV,Gau
1.92566253,,,LV,Gau
1.74961077,,,LV,Gau
1.19955265,,,LV,Gau
1.77013887,,,LV,Gau
0.03933678,,,LV,Gau
1.9304671,,,LV,Gau
1.61979719,,,LV,Gau
1.38244502,,,LV,Gau
1.89923603,,,LV,Gau
2.24261367,,,LV,Gau
1.8519925,,,LV,Gau
1.92805739,,,MV,Gau
1.51659724,,,MV,Gau
1.53361693,,,MV,Gau
0.6601719,,,MV,Gau
1.64257639,,,MV,Gau
1.51426975,,,MV,Gau
1.15189241,,,MV,Gau
1.91704426,,,MV,Gau
1.57782981,,,MV,Gau
1.45995091,,,MV,Gau
0.56267283,,,MV,Gau
1.61407852,,,MV,Gau
1.1705562,,,MV,Gau
0.94883592,,,MV,Gau
1.69686091,,,MV,Gau
1.77432186,,,MV,Gau
1.57304339,,,MV,Gau
1.6285134,,,MV,Gau
1.44384725,,,MV,Gau
0.00101083,,,MV,Gau
1.70532901,,,MV,Gau
1.70118363,,,MV,Gau
1.52341277,,,MV,Gau
1.4106423,,,MV,Gau
1.11434285,,,MV,Gau
1.19787454,,,MV,Gau
2.2983835,,,MV,Gau
1.26119238,,,MV,Gau
1.49131786,,,MV,Gau
1.2676004,,,MV,Gau
2.08834888,,,MV,Gau
1.15299784,,,MV,Gau
1.36523644,,,MV,Gau
1.42677151,,,MV,Gau
1.53233695,,,MV,Gau
1.62677875,,,MV,Gau
1.33701212,,,MV,Gau
1.81416978,,,MV,Gau
2.19329139,,,MV,Gau
1.50166519,,,MV,Gau
2.12365991,,,MV,Gau
1.18213684,,,MV,Gau
1.75656091,,,MV,Gau
1.50163539,,,MV,Gau
1.49921377,,,MV,Gau
1.83422479,,,MV,Gau
1.88285198,,,MV,Gau
1.78066657,,,MV,Gau
1.54289296,,,MV,Gau
1.52352951,,,MV,Gau
1.66662508,,,MV,Gau
1.59448302,,,MV,Gau
0.93972627,,,MV,Gau
1.97725207,,,MV,Gau
1.04684642,,,MV,Gau
1.07168621,,,MV,Gau
2.22823724,,,MV,Gau
1.17966894,,,MV,Gau
0.81527634,,,MV,Gau
2.04744491,,,MV,Gau
1.55034075,,,MV,Gau
1.42938135,,,MV,Gau
0.11185086,,,MV,Gau
1.60554915,,,MV,Gau
1.70556483,,,MV,Gau
1.83015645,,,MV,Gau
1.65347854,,,MV,Gau
1.4032456,,,MV,Gau
2.16952746,,,MV,Gau
0.12135095,,,MV,Gau
1.62604388,,,MV,Gau
1.38329539,,,MV,Gau
1.66951975,,,MV,Gau
1.73919994,,,MV,Gau
1.78556548,,,MV,Gau
1.54290304,,,MV,Gau
1.01202659,,,MV,Gau
2.1138899,,,MV,Gau
2.22776847,,,MV,Gau
0.07255814,,,MV,Gau
0.02509957,,,MV,Gau
1.88402517,,,MV,Gau
1.453817,,,MV,Gau
1.9614845,,,MV,Gau
1.81935362,,,MV,Gau
2.14286134,,,MV,Gau
1.24785726,,,MV,Gau
1.49126448,,,MV,Gau
2.45854102,,,MV,Gau
1.17896476,,,MV,Gau
1.86010452,,,MV,Gau
1.98332714,,,MV,Gau
0.81512361,,,MV,Gau
1.05983236,,,MV,Gau
1.55702155,,,MV,Gau
1.72015352,,,MV,Gau
1.96610828,,,MV,Gau
1.65723332,,,MV,Gau
1.65916112,,,MV,Gau
1.82190957,,,MV,Gau
